Цена,Объем постоянной памяти,Сенсорный дисплей,Яркость,Управление музыкальным плеером,Функция поиска смартфона,Емкость аккумулятора,"Время работы в режиме ожидания, до","Время работы в обычном режиме, до",Вес,Объем оперативной памяти,Время зарядки,Частота процессора,Функция быстрой зарядки,Измерение артериального давления,Автояркость,Датчик снятия с руки,Премиальный Бренд,Длина,Ширина,Высота,Размер дисплея,Разрешение дисплея 1,Разрешение дисплея 2,Название,Ссылка
7990.0,0.13,1.0,2000.0,1.0,0.0,300.0,240.0,120.0,26.0,16.0,120.0,832.0,0.0,0.0,0.0,0.0,0.0,38.09,45.94,11.2,1.91,320.0,380.0,"Смарт-часы AMAZFIT Bip 5 A2215,  1.91"",  розовый",https://www.citilink.ru/product/smart-chasy-amazfit-bip-5-a2215-1-91-rozovyi-rozovyi-1976438/
7990.0,0.13,1.0,2000.0,1.0,0.0,300.0,240.0,120.0,26.0,16.0,120.0,832.0,0.0,0.0,0.0,0.0,0.0,38.09,45.94,11.2,1.91,320.0,380.0,"Смарт-часы AMAZFIT Bip 5 A2215,  1.91"",  белый",https://www.citilink.ru/product/smart-chasy-amazfit-bip-5-a2215-1-91-belyi-belyi-1976437/
126990.0,16.0,1.0,2000.0,1.0,1.0,401.30288461538464,384.0,75.0,70.0,32.0,90.0,832.0,0.0,0.0,0.0,0.0,0.0,47.0,47.0,14.5,1.3,416.0,416.0,"Смарт-часы Garmin Epix Gen 2 Sapphire,  33.02мм,  1.3"",  черный",https://www.citilink.ru/product/smart-chasy-garmin-epix-gen-2-sapphire-33-02mm-1-3-chernyi-chernyi-010-1975280/
123990.0,16.0,1.0,2000.0,1.0,1.0,401.30288461538464,384.0,75.0,70.0,32.0,90.0,832.0,0.0,0.0,0.0,0.0,0.0,47.0,47.0,14.5,1.3,416.0,416.0,"Смарт-часы Garmin Epix Gen 2 Sapphire,  33.02мм,  1.3"",  титан",https://www.citilink.ru/product/smart-chasy-garmin-epix-gen-2-sapphire-33-02mm-1-3-titan-belyi-010-025-1975279/
62990.0,16.0,1.0,2000.0,1.0,1.0,401.30288461538464,216.0,24.0,51.0,32.0,45.0,832.0,0.0,0.0,0.0,0.0,0.0,43.6,43.6,12.6,1.3,416.0,416.0,"Смарт-часы Garmin Venu 2 Plus,  33мм,  1.3"",  черный",https://www.citilink.ru/product/smart-chasy-garmin-venu-2-plus-33mm-1-3-chernyi-korichnevyi-010-02496-1975274/
42990.0,16.0,1.0,2000.0,1.0,1.0,401.30288461538464,336.0,40.0,53.0,32.0,70.0,832.0,0.0,0.0,0.0,0.0,0.0,45.0,45.0,15.3,1.2,128.0,128.0,"Смарт-часы Garmin Instinct Solar,  40мм,  1.2"",  черный/оранжевый",https://www.citilink.ru/product/smart-chasy-garmin-instinct-solar-40mm-1-2-chernyi-oranzhevyi-oranzhev-1975272/
60990.0,16.0,1.0,2000.0,1.0,1.0,401.30288461538464,1200.0,504.0,43.0,32.0,115.08391608391608,832.0,0.0,0.0,0.0,0.0,0.0,40.0,40.0,13.3,1.2,156.0,156.0,"Смарт-часы Garmin Instinct 2s Solar,  40мм,  1.2"",  черный/белый",https://www.citilink.ru/product/smart-chasy-garmin-instinct-2s-solar-40mm-1-2-chernyi-belyi-belyi-010-1975271/
47990.0,16.0,1.0,2000.0,1.0,1.0,401.30288461538464,1200.0,504.0,43.0,32.0,115.08391608391608,832.0,0.0,0.0,0.0,0.0,0.0,40.0,40.0,13.3,1.2,156.0,156.0,"Смарт-часы Garmin Instinct 2 Solar,  40мм,  1.2"",  черный/серый",https://www.citilink.ru/product/smart-chasy-garmin-instinct-2-solar-40mm-1-2-chernyi-seryi-seryi-010-0-1975270/
48990.0,16.0,1.0,2000.0,1.0,1.0,401.30288461538464,1200.0,504.0,42.0,32.0,120.0,832.0,0.0,0.0,0.0,0.0,0.0,40.0,40.0,13.3,1.2,156.0,156.0,"Смарт-часы Garmin Instinct 2S,  40мм,  1.2"",  черный/серый",https://www.citilink.ru/product/smart-chasy-garmin-instinct-2s-40mm-1-2-chernyi-seryi-seryi-kamuflyazh-1975269/
34990.0,16.0,1.0,2000.0,1.0,1.0,401.30288461538464,1560.0,672.0,53.0,32.0,115.08391608391608,832.0,0.0,0.0,0.0,0.0,0.0,45.0,45.0,14.2,1.2,176.0,176.0,"Смарт-часы Garmin Instinct 2 SURF,  46мм,  1.2"",  темно-серый/зеленый",https://www.citilink.ru/product/smart-chasy-garmin-instinct-2-surf-46mm-1-2-temno-seryi-zelenyi-temno-1975268/
69990.0,16.0,1.0,2000.0,1.0,1.0,401.30288461538464,360.0,24.0,39.0,32.0,120.0,832.0,0.0,0.0,0.0,0.0,0.0,41.7,41.7,12.9,1.1,360.0,360.0,"Смарт-часы Garmin Forerunner 265S,  27.5мм,  1.1"",  черный/розовый",https://www.citilink.ru/product/smart-chasy-garmin-forerunner-265s-27-5mm-1-1-chernyi-rozovyi-rozovyi-1975263/
2799.0,0.03,1.0,2000.0,0.0,0.0,400.0,72.0,48.0,44.0,32.0,180.0,260.0,0.0,0.0,0.0,0.0,0.0,40.0,48.0,18.0,1.3,128.0,128.0,"Смарт-часы Кнопка Жизни Aimoto Vita Pulse,  40мм,  1.3"",  красный",https://www.citilink.ru/product/smart-chasy-knopka-zhizni-aimoto-vita-pulse-40mm-1-3-krasnyi-krasnyi-9-1949695/
6170.0,16.0,1.0,2000.0,1.0,0.0,280.0,240.0,60.0,100.0,32.0,120.0,832.0,0.0,0.0,0.0,0.0,0.0,45.7,45.7,13.0,1.32,360.0,360.0,"Смарт-часы ARK Kieslect Lady Lora,  45.7мм,  1.32"",  розовый",https://www.citilink.ru/product/smart-chasy-ark-kieslect-lady-lora-45-7mm-1-32-rozovyi-rozovyi-1941696/
101990.0,16.0,1.0,2000.0,0.0,0.0,401.30288461538464,2088.0,336.0,63.0,32.0,115.08391608391608,832.0,0.0,0.0,0.0,0.0,0.0,42.0,42.0,14.1,1.2,240.0,240.0,"Смарт-часы Garmin Fenix 7S Solar,  42мм,  1.2"",  розовое золото",https://www.citilink.ru/product/smart-chasy-garmin-fenix-7s-solar-42mm-1-2-rozovoe-zoloto-pesochnyi-01-1936233/
3990.0,0.128,1.0,2000.0,1.0,0.0,750.0,120.0,72.0,50.0,192.0,180.0,832.0,0.0,0.0,0.0,0.0,0.0,40.0,48.0,16.0,1.44,240.0,240.0,"Смарт-часы Кнопка Жизни Aimoto Pro,  40мм,  1.44"",  розовый",https://www.citilink.ru/product/smart-chasy-knopka-zhizni-aimoto-pro-40mm-1-44-rozovyi-rozovyi-8100821-1914876/
55990.0,16.0,0.0,2000.0,0.0,0.0,401.30288461538464,25.0,6.5,49.0,32.0,115.08391608391608,832.0,0.0,0.0,0.0,0.0,0.0,45.6,45.6,12.9,1.3,260.0,260.0,"Смарт-часы Garmin Forerunner 255,  33мм,  1.3"",  черный",https://www.citilink.ru/product/smart-chasy-garmin-forerunner-255-33mm-1-3-chernyi-sinii-010-02641-11-1901339/
41990.0,16.0,0.0,2000.0,1.0,0.0,401.30288461538464,288.0,13.0,39.0,32.0,115.08391608391608,832.0,0.0,0.0,0.0,0.0,0.0,41.0,41.0,12.4,1.1,218.0,218.0,"Смарт-часы Garmin Forerunner 255S,  27.5мм,  1.1"",  черный",https://www.citilink.ru/product/smart-chasy-garmin-forerunner-255s-27-5mm-1-1-chernyi-rozovyi-010-0264-1901338/
91990.0,16.0,0.0,2000.0,1.0,0.0,401.30288461538464,90.0,7.0,42.0,32.0,115.08391608391608,832.0,0.0,0.0,0.0,0.0,0.0,42.0,42.0,14.1,1.2,240.0,240.0,"Смарт-часы Garmin Fenix 7S,  1.2"",  серый",https://www.citilink.ru/product/smart-chasy-garmin-fenix-7s-1-2-seryi-chernyi-010-02539-01-1901337/
94990.0,16.0,0.0,2000.0,1.0,0.0,401.30288461538464,90.0,7.0,42.0,32.0,115.08391608391608,832.0,0.0,0.0,0.0,0.0,0.0,42.0,42.0,14.1,1.2,240.0,240.0,"Смарт-часы Garmin Fenix 7S,  1.2"",  серый",https://www.citilink.ru/product/smart-chasy-garmin-fenix-7s-1-2-seryi-belyi-010-02539-03-1901335/
61300.0,32.0,1.0,2000.0,1.0,1.0,401.30288461538464,360.0,8.5,52.0,32.0,115.08391608391608,832.0,0.0,0.0,0.0,0.0,0.0,46.5,46.5,14.4,1.3,260.0,260.0,"Смарт-часы Garmin Forerunner 955,  33мм,  1.3"",  черный",https://www.citilink.ru/product/smart-chasy-garmin-forerunner-955-33mm-1-3-chernyi-belyi-010-02638-31-1901330/
60990.0,16.0,0.0,2000.0,1.0,0.0,401.30288461538464,25.0,6.5,49.0,32.0,115.08391608391608,832.0,0.0,0.0,0.0,0.0,0.0,45.6,45.6,12.9,1.3,260.0,260.0,"Смарт-часы Garmin Forerunner 255,  33мм,  1.3"",  белый",https://www.citilink.ru/product/smart-chasy-garmin-forerunner-255-33mm-1-3-belyi-belyi-010-02641-31-1901329/
15990.0,16.0,1.0,2000.0,0.0,0.0,300.0,384.0,192.0,27.0,32.0,120.0,832.0,0.0,0.0,0.0,0.0,0.0,36.5,42.7,9.9,1.75,390.0,450.0,"Смарт-часы AMAZFIT GTS 4 A2168,  1.75"",  розовый",https://www.citilink.ru/product/smart-chasy-amazfit-gts-4-a2168-1-75-rozovyi-korichnevyi-1746004-1893867/
73990.0,16.0,0.0,2000.0,1.0,0.0,401.30288461538464,90.0,7.0,42.0,32.0,115.08391608391608,832.0,0.0,0.0,0.0,0.0,0.0,42.0,42.0,14.1,1.2,240.0,240.0,"Смарт-часы Garmin Fenix 7S,  1.2"",  бронзовый",https://www.citilink.ru/product/smart-chasy-garmin-fenix-7s-1-2-bronzovyi-seryi-010-02539-29-1893496/
104990.0,32.0,1.0,2000.0,0.0,0.0,401.30288461538464,1368.0,432.0,79.0,32.0,180.0,832.0,0.0,0.0,0.0,0.0,0.0,47.0,47.0,14.5,1.3,260.0,260.0,"Смарт-часы Garmin Fenix 7,  47мм,  1.3"",  серый",https://www.citilink.ru/product/smart-chasy-garmin-fenix-7-47mm-1-3-seryi-chernyi-010-02540-21-1893495/
2140.0,0.032,1.0,2000.0,0.0,0.0,400.0,96.0,48.0,40.0,24.0,120.0,312.0,0.0,0.0,0.0,0.0,0.0,35.0,42.0,13.0,1.2,240.0,240.0,"Смарт-часы Кнопка Жизни Aimoto Kid,  1.2"",  розовый",https://www.citilink.ru/product/smart-chasy-knopka-zhizni-aimoto-kid-1-2-rozovyi-rozovyi-1832004/
4999.0,4.0,1.0,2000.0,0.0,0.0,750.0,96.0,48.0,50.0,512.0,180.0,1300.0,0.0,0.0,0.0,0.0,0.0,41.0,46.0,16.0,1.3,240.0,240.0,"Смарт-часы Кнопка Жизни Aimoto Integra 4G,  1.3"",  розовый",https://www.citilink.ru/product/smart-chasy-knopka-zhizni-aimoto-integra-4g-1-3-rozovyi-rozovyi-960030-1788427/
3999.0,0.128,1.0,2000.0,0.0,0.0,750.0,120.0,72.0,50.0,192.0,180.0,832.0,0.0,0.0,0.0,0.0,0.0,40.0,48.0,16.0,1.4,240.0,240.0,"Смарт-часы Кнопка Жизни Aimoto Pro 4G,  1.4"",  розовый",https://www.citilink.ru/product/smart-chasy-knopka-zhizni-aimoto-pro-4g-1-4-rozovyi-rozovyi-8100804-1788423/
999.0,0.032,1.0,2000.0,0.0,0.0,350.0,96.0,48.0,45.0,24.0,120.0,312.0,0.0,0.0,0.0,0.0,0.0,40.0,45.0,14.0,1.44,128.0,128.0,"Смарт-часы Кнопка Жизни Aimoto Lite,  1.44"",  розовый",https://www.citilink.ru/product/smart-chasy-knopka-zhizni-aimoto-lite-1-44-rozovyi-rozovyi-9101202-1788418/
4310.0,0.03,1.0,2000.0,0.0,0.0,400.0,72.0,24.0,48.0,32.0,180.0,260.0,0.0,0.0,0.0,0.0,0.0,40.0,50.0,15.0,1.44,240.0,240.0,"Смарт-часы Кнопка Жизни Aimoto Disney «Холодное сердце»,  1.44"",  голубой",https://www.citilink.ru/product/smart-chasy-knopka-zhizni-aimoto-disney-holodnoe-serdce-1-44-goluboi-g-1437391/
3060.0,0.03,1.0,2000.0,0.0,0.0,400.0,72.0,24.0,48.0,32.0,180.0,260.0,0.0,0.0,0.0,0.0,0.0,40.0,50.0,15.0,1.44,240.0,240.0,"Смарт-часы Кнопка Жизни Aimoto MARVEL ""Герои"",  1.44"",  черный/синий",https://www.citilink.ru/product/smart-chasy-knopka-zhizni-aimoto-marvel-geroi-1-44-chernyi-sinii-chern-1437389/
3990.0,16.0,1.0,450.0,0.0,0.0,289.0,288.0,192.0,41.67,32.0,115.08391608391608,832.0,0.0,0.0,0.0,0.0,1.0,38.88,46.94,10.94,1.83,240.0,280.0,"Смарт-часы Xiaomi Redmi Watch 3 Active,  38.88мм,  1.83"",  серый",https://www.citilink.ru/product/smart-chasy-xiaomi-redmi-watch-3-active-38-88mm-1-83-seryi-seryi-bhr72-1972135/
1990.0,16.0,1.0,2000.0,1.0,1.0,200.0,290.5470852017937,114.57142857142857,35.0,32.0,60.0,832.0,0.0,1.0,0.0,0.0,0.0,38.0,268.0,13.0,1.75,385.0,385.0,"Смарт-часы SunWind SW50,  38мм,  1.75"",  черный",https://www.citilink.ru/product/smart-chasy-sunwind-sw50-38mm-1-75-chernyi-chernyi-sw50b-1675508/
3990.0,16.0,1.0,450.0,0.0,0.0,289.0,288.0,192.0,41.67,32.0,115.08391608391608,832.0,0.0,0.0,0.0,0.0,1.0,38.88,46.94,10.94,1.83,240.0,280.0,"Смарт-часы Xiaomi Redmi Watch 3 Active,  38.88мм,  1.83"",  черный",https://www.citilink.ru/product/smart-chasy-xiaomi-redmi-watch-3-active-38-88mm-1-83-chernyi-chernyi-b-1972134/
13990.0,32.0,1.0,2000.0,1.0,1.0,451.0,290.5470852017937,336.0,32.0,4096.0,115.08391608391608,832.0,0.0,1.0,1.0,0.0,0.0,45.3,39.1,11.2,1.75,390.0,450.0,"Смарт-часы Honor Watch 4 TMA-B19,  45.3мм,  1.75"",  розовый",https://www.citilink.ru/product/smart-chasy-honor-watch-4-tma-b19-45-3mm-1-75-rozovyi-zolotistyi-5502a-2004203/
29999.0,32.0,1.0,2000.0,1.0,0.0,780.0,504.0,120.0,65.0,2048.0,115.08391608391608,832.0,1.0,0.0,0.0,0.0,1.0,48.0,48.0,12.9,1.5,466.0,466.0,"Смарт-часы Huawei Watch 4 Pro Medes-L19L,  1.5"",  серебристый",https://www.citilink.ru/product/smart-chasy-huawei-watch-4-pro-medes-l19l-1-5-serebristyi-temno-korich-1938756/
14999.0,16.0,1.0,2000.0,1.0,0.0,323.0,168.0,96.0,37.0,32.0,90.0,832.0,0.0,0.0,0.0,0.0,1.0,41.3,41.3,9.8,1.32,466.0,466.0,"Смарт-часы Huawei Watch GT 4 Aurora-B19L,  41.3мм,  1.32"",  белый",https://www.citilink.ru/product/smart-chasy-huawei-watch-gt-4-aurora-b19l-41-3mm-1-32-belyi-belyi-5502-1981568/
9990.0,16.0,1.0,600.0,0.0,0.0,470.0,290.5470852017937,480.0,31.5,32.0,115.08391608391608,832.0,0.0,0.0,0.0,0.0,1.0,41.1,47.5,10.5,1.97,390.0,450.0,"Смарт-часы Xiaomi Redmi Watch 4,  1.97"",  черный",https://www.citilink.ru/product/smart-chasy-xiaomi-redmi-watch-4-1-97-chernyi-chernyi-bhr7854gl-2005739/
14999.0,16.0,1.0,2000.0,1.0,0.0,524.0,336.0,192.0,48.0,32.0,115.08391608391608,832.0,0.0,0.0,0.0,0.0,1.0,46.0,46.0,10.9,1.43,466.0,466.0,"Смарт-часы Huawei Watch GT 4 Phoinix-B19F,  46мм,  1.43"",  черный",https://www.citilink.ru/product/smart-chasy-huawei-watch-gt-4-phoinix-b19f-46mm-1-43-chernyi-chernyi-5-1981562/
1590.0,16.0,1.0,2000.0,1.0,1.0,140.0,290.5470852017937,114.57142857142857,37.0,32.0,60.0,832.0,0.0,1.0,0.0,0.0,0.0,38.0,260.0,12.0,1.69,240.0,280.0,"Смарт-часы SunWind SW40,  1.69"",  черный",https://www.citilink.ru/product/smart-chasy-sunwind-sw40-1-69-chernyi-chernyi-sw40b-1675506/
8990.0,16.0,1.0,600.0,0.0,0.0,289.0,290.5470852017937,648.0,37.0,32.0,120.0,832.0,0.0,0.0,0.0,0.0,1.0,42.58,36.56,9.99,1.75,390.0,450.0,"Смарт-часы Xiaomi Redmi Watch 3,  1.75"",  черный",https://www.citilink.ru/product/smart-chasy-xiaomi-redmi-watch-3-1-75-chernyi-chernyi-bhr6851gl-1933740/
14999.0,16.0,1.0,2000.0,1.0,0.0,524.0,336.0,192.0,48.0,32.0,115.08391608391608,832.0,0.0,0.0,0.0,0.0,1.0,46.0,46.0,10.9,1.43,466.0,466.0,"Смарт-часы Huawei Watch GT 4 Phoinix-B19L,  46мм,  1.43"",  серебристый",https://www.citilink.ru/product/smart-chasy-huawei-watch-gt-4-phoinix-b19l-46mm-1-43-serebristyi-koric-1981564/
17990.0,16.0,1.0,2000.0,0.0,0.0,500.0,1080.0,576.0,66.5,32.0,120.0,832.0,0.0,0.0,0.0,0.0,0.0,47.1,47.1,13.65,1.39,454.0,454.0,"Смарт-часы AMAZFIT T-Rex 2 A2170,  1.39"",  черный",https://www.citilink.ru/product/smart-chasy-amazfit-t-rex-2-a2170-1-39-chernyi-chernyi-1571245-1789769/
6490.0,0.25,1.0,2000.0,1.0,1.0,208.0,290.5470852017937,312.0,36.8,16.0,115.08391608391608,832.0,0.0,0.0,0.0,0.0,1.0,28.8,42.9,9.9,1.6,256.0,402.0,"Смарт-часы Samsung Galaxy Fit 3 SM-R390,  1.6"",  графитовый",https://www.citilink.ru/product/smart-chasy-samsung-galaxy-fit-3-sm-r390-1-6-grafitovyi-grafitovyi-sm-2006875/
9990.0,16.0,1.0,600.0,0.0,0.0,470.0,290.5470852017937,480.0,31.5,32.0,115.08391608391608,832.0,0.0,0.0,0.0,0.0,1.0,41.1,47.5,10.5,1.97,390.0,450.0,"Смарт-часы Xiaomi Redmi Watch 4,  1.97"",  серый",https://www.citilink.ru/product/smart-chasy-xiaomi-redmi-watch-4-1-97-seryi-belyi-bhr7848gl-2005740/
6490.0,0.25,1.0,2000.0,1.0,1.0,208.0,290.5470852017937,312.0,36.8,16.0,115.08391608391608,832.0,0.0,0.0,0.0,0.0,1.0,28.8,42.9,9.9,1.6,256.0,402.0,"Смарт-часы Samsung Galaxy Fit 3 SM-R390,  1.6"",  серебристый",https://www.citilink.ru/product/smart-chasy-samsung-galaxy-fit-3-sm-r390-1-6-serebristyi-serebristyi-s-2006879/
14999.0,16.0,1.0,2000.0,1.0,0.0,524.0,336.0,192.0,48.0,32.0,115.08391608391608,832.0,0.0,0.0,0.0,0.0,1.0,46.0,46.0,10.9,1.43,466.0,466.0,"Смарт-часы Huawei Watch GT 4 Phoinix-B19W,  46мм,  1.43"",  серебристый",https://www.citilink.ru/product/smart-chasy-huawei-watch-gt-4-phoinix-b19w-46mm-1-43-serebristyi-zelen-1981566/
7999.0,16.0,1.0,2000.0,0.0,1.0,292.0,290.5470852017937,114.57142857142857,26.0,32.0,72.0,832.0,0.0,0.0,0.0,0.0,1.0,33.5,46.0,10.8,1.74,480.0,336.0,"Смарт-часы Huawei Watch Fit 2 Yoda-B09S,  1.74"",  черный",https://www.citilink.ru/product/smart-chasy-huawei-watch-fit-2-yoda-b09s-1-74-chernyi-chernyi-55028916-1775375/
24990.0,16.0,1.0,2000.0,0.0,0.0,300.0,40.0,30.0,28.7,2048.0,115.08391608391608,1400.0,1.0,1.0,0.0,0.0,1.0,40.4,38.8,9.0,1.3,432.0,432.0,"Смарт-часы Samsung Galaxy Watch 6 40мм,  1.3"",  золото белое",https://www.citilink.ru/product/smart-chasy-samsung-galaxy-watch-6-40mm-1-3-zoloto-beloe-belyi-sm-r930-1968284/
32990.0,16.0,1.0,2000.0,0.0,0.0,425.0,40.0,30.0,59.0,2048.0,115.08391608391608,1400.0,0.0,1.0,0.0,0.0,1.0,46.5,46.5,10.9,1.5,480.0,480.0,"Смарт-часы Samsung Galaxy Watch 6 Classic 47мм,  1.5"",  черный",https://www.citilink.ru/product/smart-chasy-samsung-galaxy-watch-6-classic-47mm-1-5-chernyi-chernyi-sm-1968292/
13990.0,32.0,1.0,2000.0,1.0,1.0,451.0,290.5470852017937,336.0,32.0,4096.0,115.08391608391608,832.0,0.0,1.0,1.0,0.0,0.0,45.3,39.1,11.2,1.75,390.0,450.0,"Смарт-часы Honor Watch 4 TMA-B19,  45.3мм,  1.75"",  черный",https://www.citilink.ru/product/smart-chasy-honor-watch-4-tma-b19-45-3mm-1-75-chernyi-chernyi-5502aarj-2004201/
16590.0,16.0,1.0,2000.0,1.0,0.0,323.0,168.0,96.0,37.0,32.0,1.5,832.0,0.0,0.0,0.0,0.0,1.0,41.3,41.3,9.8,1.32,466.0,466.0,"Смарт-часы Huawei Watch GT 4 Aurora-B19M,  41.3мм,  1.32"",  светло-золотой",https://www.citilink.ru/product/smart-chasy-huawei-watch-gt-4-aurora-b19m-41-3mm-1-32-svetlo-zolotoi-s-1981577/
15990.0,16.0,1.0,2000.0,0.0,0.0,475.0,576.0,336.0,34.0,32.0,120.0,832.0,0.0,0.0,0.0,0.0,0.0,46.0,46.0,10.6,1.43,466.0,466.0,"Смарт-часы AMAZFIT GTR 4 A2166,  1.43"",  черный/серый",https://www.citilink.ru/product/smart-chasy-amazfit-gtr-4-a2166-1-43-chernyi-seryi-chernyi-1854889/
13999.0,4.0,1.0,2000.0,0.0,0.0,292.0,290.5470852017937,98.0,35.0,32.0,115.08391608391608,832.0,0.0,0.0,0.0,0.0,1.0,42.3,42.3,10.0,1.32,466.0,466.0,"Смарт-часы Huawei Watch GT 3 Milo-B19V,  42мм,  1.32"",  белый",https://www.citilink.ru/product/smart-chasy-huawei-watch-gt-3-milo-b19v-42mm-1-32-belyi-belyi-55027149-1634514/
9999.0,16.0,1.0,2000.0,0.0,1.0,292.0,290.5470852017937,114.57142857142857,30.0,32.0,72.0,832.0,0.0,0.0,0.0,0.0,1.0,33.5,46.0,10.8,1.74,480.0,336.0,"Смарт-часы Huawei Watch Fit 2 Yoda-B19V,  1.74"",  золотистый",https://www.citilink.ru/product/smart-chasy-huawei-watch-fit-2-yoda-b19v-1-74-zolotistyi-belyi-5502926-1775379/
6490.0,0.25,1.0,2000.0,1.0,1.0,208.0,290.5470852017937,312.0,36.8,16.0,115.08391608391608,832.0,0.0,0.0,0.0,0.0,1.0,28.8,42.9,9.9,1.6,256.0,402.0,"Смарт-часы Samsung Galaxy Fit 3 SM-R390,  1.6"",  розовое золото",https://www.citilink.ru/product/smart-chasy-samsung-galaxy-fit-3-sm-r390-1-6-rozovoe-zoloto-rozovoe-zo-2006880/
9499.0,8.0,1.0,2000.0,0.0,0.0,800.0,290.5470852017937,114.57142857142857,57.5,1024.0,115.08391608391608,832.0,0.0,0.0,0.0,0.0,1.0,41.0,52.0,14.55,1.41,320.0,360.0,"Смарт-часы Huawei Watch Kids 4 Pro Aslan-AL19,  1.41"",  синий",https://www.citilink.ru/product/smart-chasy-huawei-watch-kids-4-pro-aslan-al19-1-41-sinii-sinii-550276-1643752/
40999.0,32.0,1.0,2000.0,1.0,0.0,780.0,504.0,120.0,65.0,2048.0,115.08391608391608,832.0,1.0,0.0,0.0,0.0,1.0,48.0,48.0,12.9,1.5,466.0,466.0,"Смарт-часы Huawei Watch 4 Pro Medes-L19M,  1.5"",  серебристый",https://www.citilink.ru/product/smart-chasy-huawei-watch-4-pro-medes-l19m-1-5-serebristyi-serebristyi-1938754/
7999.0,16.0,1.0,2000.0,0.0,1.0,292.0,290.5470852017937,114.57142857142857,26.0,32.0,72.0,832.0,0.0,0.0,0.0,0.0,1.0,33.5,46.0,10.8,1.74,480.0,336.0,"Смарт-часы Huawei Watch Fit 2 Yoda-B09S,  1.74"",  розовый",https://www.citilink.ru/product/smart-chasy-huawei-watch-fit-2-yoda-b09s-1-74-rozovyi-rozovyi-55028915-1775376/
13999.0,4.0,1.0,2000.0,0.0,0.0,455.0,290.5470852017937,336.0,42.6,32.0,115.08391608391608,832.0,0.0,0.0,0.0,0.0,1.0,45.9,45.9,11.0,1.43,466.0,466.0,"Смарт-часы Huawei Watch GT 3 46мм,  1.43"",  серебристый",https://www.citilink.ru/product/smart-chasy-huawei-watch-gt-3-46mm-1-43-serebristyi-korichnevyi-550284-1634506/
9999.0,16.0,1.0,2000.0,0.0,1.0,292.0,290.5470852017937,114.57142857142857,30.0,32.0,72.0,832.0,0.0,0.0,0.0,0.0,1.0,33.5,46.0,10.8,1.74,480.0,336.0,"Смарт-часы Huawei Watch Fit 2 Yoda-B19V,  1.74"",  серый",https://www.citilink.ru/product/smart-chasy-huawei-watch-fit-2-yoda-b19v-1-74-seryi-seryi-55029266-1775378/
19999.0,4.0,1.0,2000.0,1.0,0.0,530.0,336.0,192.0,54.0,32.0,60.0,832.0,0.0,0.0,0.0,0.0,1.0,46.6,46.6,10.9,1.43,466.0,466.0,"Смарт-часы Huawei Watch GT 3 Pro Odin-B19V,  46.6мм,  1.43"",  серый",https://www.citilink.ru/product/smart-chasy-huawei-watch-gt-3-pro-odin-b19v-46-6mm-1-43-seryi-seryi-55-1775385/
6780.0,16.0,0.0,2000.0,0.0,0.0,320.0,288.0,114.57142857142857,55.48,32.0,90.0,832.0,1.0,0.0,0.0,0.0,0.0,45.5,45.5,10.8,1.43,466.0,466.0,"Смарт-часы AMAZFIT Pop 3R A2319,  1.43"",  серебристый",https://www.citilink.ru/product/smart-chasy-amazfit-pop-3r-a2319-1-43-serebristyi-chernyi-1746285-1973769/
1590.0,16.0,1.0,2000.0,0.0,0.0,180.0,290.5470852017937,168.0,46.0,64.0,120.0,832.0,0.0,0.0,0.0,0.0,0.0,43.6,36.0,9.4,1.69,240.0,280.0,"Смарт-часы Digma Smartline E5,  1.69"",  черный",https://www.citilink.ru/product/smart-chasy-digma-smartline-e5-1-69-chernyi-chernyi-e5b-1485530/
7999.0,16.0,1.0,2000.0,0.0,1.0,292.0,290.5470852017937,114.57142857142857,26.0,32.0,72.0,832.0,0.0,0.0,0.0,0.0,1.0,33.5,46.0,10.8,1.74,480.0,336.0,"Смарт-часы Huawei Watch Fit 2 Yoda-B09S,  1.74"",  серо-голубой",https://www.citilink.ru/product/smart-chasy-huawei-watch-fit-2-yoda-b09s-1-74-sero-goluboi-sero-golubo-1775377/
4490.0,0.016,1.0,2000.0,0.0,0.0,700.0,290.5470852017937,114.57142857142857,53.0,24.0,115.08391608391608,832.0,0.0,0.0,0.0,0.0,0.0,43.54,56.19,16.0,1.69,240.0,280.0,"Смарт-часы Philips Kids W6610,  1.69"",  темно-серый",https://www.citilink.ru/product/smart-chasy-philips-kids-w6610-1-69-temno-seryi-temno-seryi-ctw6610dg-1977041/
25990.0,16.0,1.0,2000.0,0.0,0.0,425.0,40.0,30.0,33.3,2048.0,115.08391608391608,1400.0,1.0,1.0,0.0,0.0,1.0,44.4,42.8,9.0,1.5,480.0,480.0,"Смарт-часы Samsung Galaxy Watch 6 44мм,  1.5"",  графитовый",https://www.citilink.ru/product/smart-chasy-samsung-galaxy-watch-6-44mm-1-5-grafitovyi-grafitovyi-sm-r-1968256/
9499.0,8.0,1.0,2000.0,0.0,0.0,800.0,290.5470852017937,114.57142857142857,57.5,1024.0,115.08391608391608,832.0,0.0,0.0,0.0,0.0,1.0,41.0,52.0,14.55,1.41,320.0,360.0,"Смарт-часы Huawei Watch Kids 4 Pro Aslan-AL19,  1.41"",  розовый",https://www.citilink.ru/product/smart-chasy-huawei-watch-kids-4-pro-aslan-al19-1-41-rozovyi-rozovyi-55-1643755/
1790.0,16.0,1.0,2000.0,0.0,0.0,200.0,290.5470852017937,114.57142857142857,55.0,32.0,115.08391608391608,832.0,0.0,0.0,0.0,0.0,0.0,48.0,255.0,12.0,1.28,240.0,240.0,"Смарт-часы Digma Smartline F3,  1.28"",  черный",https://www.citilink.ru/product/smart-chasy-digma-smartline-f3-1-28-chernyi-chernyi-f3b-1528563/
5690.0,16.0,1.0,550.0,1.0,0.0,300.0,290.5470852017937,288.0,47.7,128.0,115.08391608391608,832.0,0.0,0.0,0.0,0.0,0.0,39.9,49.7,10.2,1.95,410.0,502.0,"Смарт-часы Honor Choice Watch BOT-WB01,  49.7мм,  1.95"",  белый",https://www.citilink.ru/product/smart-chasy-honor-choice-watch-bot-wb01-49-7mm-1-95-belyi-belyi-5504aa-2004160/
3990.0,0.128,1.0,2000.0,0.0,0.0,670.0,96.0,48.0,46.0,192.0,180.0,832.0,0.0,0.0,0.0,0.0,0.0,43.0,48.0,12.0,1.85,240.0,280.0,"Смарт-часы Кнопка Жизни Aimoto Concept,  43мм,  1.85"",  черный",https://www.citilink.ru/product/smart-chasy-knopka-zhizni-aimoto-concept-43mm-1-85-chernyi-chernyi-924-1949711/
4899.0,16.0,1.0,2000.0,1.0,1.0,401.30288461538464,216.0,144.0,21.0,32.0,115.08391608391608,832.0,0.0,0.0,0.0,0.0,1.0,30.0,46.0,10.7,1.64,280.0,456.0,"Смарт-часы Huawei Fit SE STA-B39,  30мм,  1.64"",  черный",https://www.citilink.ru/product/smart-chasy-huawei-fit-se-sta-b39-30mm-1-64-chernyi-chernyi-55020atd-1980978/
30990.0,16.0,1.0,2000.0,0.0,0.0,300.0,40.0,30.0,52.0,2048.0,115.08391608391608,1400.0,0.0,1.0,0.0,0.0,1.0,42.5,42.5,10.9,1.3,432.0,432.0,"Смарт-часы Samsung Galaxy Watch 6 Classic 43мм,  1.3"",  черный",https://www.citilink.ru/product/smart-chasy-samsung-galaxy-watch-6-classic-43mm-1-3-chernyi-chernyi-sm-1968286/
24990.0,16.0,1.0,2000.0,0.0,0.0,300.0,40.0,30.0,28.7,2048.0,115.08391608391608,1400.0,1.0,1.0,0.0,0.0,1.0,40.4,38.8,9.0,1.3,432.0,432.0,"Смарт-часы Samsung Galaxy Watch 6 40мм,  1.3"",  графитовый",https://www.citilink.ru/product/smart-chasy-samsung-galaxy-watch-6-40mm-1-3-grafitovyi-grafitovyi-sm-r-1968282/
32990.0,16.0,1.0,2000.0,0.0,0.0,425.0,40.0,30.0,59.0,2048.0,115.08391608391608,1400.0,0.0,1.0,0.0,0.0,1.0,46.5,46.5,10.9,1.5,480.0,480.0,"Смарт-часы Samsung Galaxy Watch 6 Classic 47мм,  1.5"",  серебристый",https://www.citilink.ru/product/smart-chasy-samsung-galaxy-watch-6-classic-47mm-1-5-serebristyi-serebr-1968294/
1599.0,16.0,1.0,2000.0,1.0,1.0,100.0,290.5470852017937,114.57142857142857,27.0,32.0,60.0,832.0,0.0,1.0,0.0,0.0,0.0,23.0,245.0,8.0,1.47,172.0,320.0,"Смарт-часы SunWind SW45,  1.47"",  черный",https://www.citilink.ru/product/smart-chasy-sunwind-sw45-1-47-chernyi-chernyi-sw45b-1675507/
14990.0,16.0,1.0,2000.0,0.0,0.0,486.0,290.5470852017937,336.0,44.0,32.0,115.08391608391608,832.0,0.0,0.0,0.0,0.0,1.0,47.0,47.0,12.0,1.43,466.0,466.0,"Смарт-часы Xiaomi Watch S3,  1.43"",  серебристый",https://www.citilink.ru/product/smart-chasy-xiaomi-watch-s3-1-43-serebristyi-serebristyi-bhr7873gl-2008546/
14990.0,16.0,1.0,2000.0,0.0,0.0,486.0,290.5470852017937,336.0,44.0,32.0,115.08391608391608,832.0,0.0,0.0,0.0,0.0,1.0,47.0,47.0,12.0,1.43,466.0,466.0,"Смарт-часы Xiaomi Watch S3,  1.43"",  черный",https://www.citilink.ru/product/smart-chasy-xiaomi-watch-s3-1-43-chernyi-chernyi-bhr7874gl-2008542/
4490.0,0.016,1.0,2000.0,0.0,0.0,700.0,290.5470852017937,114.57142857142857,53.0,24.0,115.08391608391608,832.0,0.0,0.0,0.0,0.0,0.0,43.54,56.19,16.0,1.69,240.0,280.0,"Смарт-часы Philips Kids W6610,  1.69"",  розовый",https://www.citilink.ru/product/smart-chasy-philips-kids-w6610-1-69-rozovyi-rozovyi-ctw6610pk-00-1977082/
15990.0,16.0,1.0,2000.0,0.0,0.0,300.0,384.0,192.0,27.0,32.0,120.0,832.0,0.0,0.0,0.0,0.0,0.0,36.5,42.7,9.9,1.75,390.0,450.0,"Смарт-часы AMAZFIT GTS 4 A2168,  1.75"",  черный",https://www.citilink.ru/product/smart-chasy-amazfit-gts-4-a2168-1-75-chernyi-chernyi-1746001-1854871/
22499.0,32.0,1.0,2000.0,1.0,0.0,530.0,336.0,72.0,47.0,2048.0,115.08391608391608,832.0,1.0,0.0,0.0,0.0,1.0,46.2,46.2,10.9,1.5,466.0,466.0,"Смарт-часы Huawei Watch 4 Archi-L19F,  1.5"",  черный",https://www.citilink.ru/product/smart-chasy-huawei-watch-4-archi-l19f-1-5-chernyi-chernyi-55020apa-1938757/
5690.0,16.0,1.0,550.0,1.0,0.0,300.0,290.5470852017937,288.0,47.7,128.0,115.08391608391608,832.0,0.0,0.0,0.0,0.0,0.0,39.9,49.7,10.2,1.95,410.0,502.0,"Смарт-часы Honor Choice Watch BOT-WB01,  49.7мм,  1.95"",  черный",https://www.citilink.ru/product/smart-chasy-honor-choice-watch-bot-wb01-49-7mm-1-95-chernyi-chernyi-55-2004158/
25990.0,16.0,1.0,2000.0,0.0,0.0,425.0,40.0,30.0,33.3,2048.0,115.08391608391608,1400.0,1.0,1.0,0.0,0.0,1.0,44.4,42.8,9.0,1.5,480.0,480.0,"Смарт-часы Samsung Galaxy Watch 6 44мм,  1.5"",  серебристый",https://www.citilink.ru/product/smart-chasy-samsung-galaxy-watch-6-44mm-1-5-serebristyi-seryi-sm-r940n-1968278/
13999.0,4.0,1.0,2000.0,0.0,0.0,455.0,290.5470852017937,336.0,42.6,32.0,115.08391608391608,832.0,0.0,0.0,0.0,0.0,1.0,45.9,45.9,11.0,1.43,466.0,466.0,"Смарт-часы Huawei Watch GT 3 46мм,  1.43"",  черный",https://www.citilink.ru/product/smart-chasy-huawei-watch-gt-3-46mm-1-43-chernyi-chernyi-55028464-1634501/
29999.0,4.0,1.0,2000.0,0.0,0.0,292.0,336.0,168.0,50.0,32.0,90.0,832.0,0.0,0.0,0.0,0.0,1.0,43.0,43.0,10.5,1.32,466.0,466.0,"Смарт-часы Huawei Watch GT 3 Pro Frigga-B19T,  43мм,  1.32"",  белый/золотистый",https://www.citilink.ru/product/smart-chasy-huawei-watch-gt-3-pro-frigga-b19t-43mm-1-32-belyi-zolotist-1775382/
15990.0,16.0,1.0,2000.0,0.0,0.0,300.0,384.0,192.0,27.0,32.0,120.0,832.0,0.0,0.0,0.0,0.0,0.0,36.5,42.7,9.9,1.75,390.0,450.0,"Смарт-часы AMAZFIT GTS 4 A2168,  1.75"",  золотистый",https://www.citilink.ru/product/smart-chasy-amazfit-gts-4-a2168-1-75-zolotistyi-rozovyi-1746003-1854888/
22990.0,16.0,1.0,2000.0,1.0,1.0,475.0,600.0,168.0,35.0,32.0,90.0,832.0,0.0,0.0,0.0,0.0,0.0,46.0,46.0,10.6,1.5,480.0,480.0,"Смарт-часы AMAZFIT Balance A2287,  46мм,  1.5"",  черный",https://www.citilink.ru/product/smart-chasy-amazfit-balance-a2287-46mm-1-5-chernyi-chernyi-1746353-1982898/
6490.0,16.0,1.0,2000.0,0.0,0.0,850.0,240.0,72.0,48.0,128.0,120.0,832.0,0.0,0.0,0.0,0.0,0.0,48.5,41.0,15.0,1.3,240.0,240.0,"Смарт-часы Honor Kids Watch 4G TAR-WB01,  48.5мм,  1.3"",  розовый",https://www.citilink.ru/product/smart-chasy-honor-kids-watch-4g-tar-wb01-48-5mm-1-3-rozovyi-rozovyi-55-1968403/
11990.0,16.0,1.0,2000.0,1.0,1.0,300.0,1080.0,336.0,24.13,32.0,2.0,832.0,0.0,0.0,0.0,0.0,0.0,35.9,42.36,10.75,1.75,390.0,450.0,"Смарт-часы AMAZFIT Active A2211,  35.9мм,  1.75"",  розовый",https://www.citilink.ru/product/smart-chasy-amazfit-active-a2211-35-9mm-1-75-rozovyi-rozovyi-1746350-1982892/
690.0,16.0,0.0,2000.0,0.0,0.0,90.0,290.5470852017937,114.57142857142857,30.0,32.0,115.08391608391608,832.0,0.0,0.0,0.0,0.0,0.0,36.0,250.0,13.0,1.3,240.0,240.0,"Смарт-часы Digma Smartline R1,  1.3"",  черный",https://www.citilink.ru/product/smart-chasy-digma-smartline-r1-1-3-chernyi-chernyi-r1b-1528561/
11990.0,16.0,1.0,2000.0,1.0,1.0,300.0,1080.0,336.0,24.13,32.0,2.0,832.0,0.0,0.0,0.0,0.0,0.0,35.9,42.36,10.75,1.75,390.0,450.0,"Смарт-часы AMAZFIT Active A2211,  35.9мм,  1.75"",  черный",https://www.citilink.ru/product/smart-chasy-amazfit-active-a2211-35-9mm-1-75-chernyi-chernyi-1746349-1982890/
30990.0,16.0,1.0,2000.0,0.0,0.0,300.0,40.0,30.0,52.0,2048.0,115.08391608391608,1400.0,0.0,1.0,0.0,0.0,1.0,42.5,42.5,10.9,1.3,432.0,432.0,"Смарт-часы Samsung Galaxy Watch 6 Classic 43мм,  1.3"",  серебристый",https://www.citilink.ru/product/smart-chasy-samsung-galaxy-watch-6-classic-43mm-1-3-serebristyi-serebr-1968290/
12999.0,16.0,1.0,2000.0,0.0,0.0,470.0,290.5470852017937,288.0,36.3,32.0,150.0,832.0,0.0,0.0,0.0,0.0,1.0,47.3,46.5,11.0,1.43,446.0,446.0,"Смарт-часы Xiaomi Watch S1 Active GL,  46мм,  1.43"",  белый",https://www.citilink.ru/product/smart-chasy-xiaomi-watch-s1-active-gl-46mm-1-43-belyi-belyi-bhr5381gl-1837646/
12999.0,16.0,1.0,2000.0,0.0,0.0,470.0,290.5470852017937,288.0,36.3,32.0,150.0,832.0,0.0,0.0,0.0,0.0,1.0,47.3,46.5,11.0,1.43,446.0,446.0,"Смарт-часы Xiaomi Watch S1 Active GL,  46мм,  1.43"",  черный",https://www.citilink.ru/product/smart-chasy-xiaomi-watch-s1-active-gl-46mm-1-43-chernyi-chernyi-bhr538-1740086/
1590.0,16.0,1.0,2000.0,0.0,0.0,200.0,290.5470852017937,192.0,35.0,64.0,150.0,832.0,0.0,0.0,0.0,0.0,0.0,45.5,45.5,10.0,1.28,240.0,240.0,"Смарт-часы Digma Smartline D4,  1.28"",  черный",https://www.citilink.ru/product/smart-chasy-digma-smartline-d4-1-28-chernyi-chernyi-d4b-1496718/
4490.0,0.016,1.0,2000.0,0.0,0.0,700.0,290.5470852017937,114.57142857142857,53.0,24.0,115.08391608391608,832.0,0.0,0.0,0.0,0.0,0.0,43.54,56.19,16.0,1.69,240.0,280.0,"Смарт-часы Philips Kids W6610,  1.69"",  желтый",https://www.citilink.ru/product/smart-chasy-philips-kids-w6610-1-69-zheltyi-zheltyi-ctw6610yl-00-1977083/
3990.0,0.128,1.0,2000.0,1.0,0.0,750.0,120.0,72.0,50.0,192.0,180.0,832.0,0.0,0.0,0.0,0.0,0.0,40.0,48.0,16.0,1.44,240.0,240.0,"Смарт-часы Кнопка Жизни Aimoto Pro,  40мм,  1.44"",  черный",https://www.citilink.ru/product/smart-chasy-knopka-zhizni-aimoto-pro-40mm-1-44-chernyi-chernyi-8100820-1914873/
25990.0,32.0,1.0,600.0,0.0,0.0,495.0,55.0,114.57142857142857,54.5,2048.0,45.0,832.0,0.0,0.0,0.0,0.0,1.0,45.9,47.6,11.8,1.43,466.0,466.0,"Смарт-часы Xiaomi Watch 2 Pro M2234W1,  1.43"",  серый",https://www.citilink.ru/product/smart-chasy-xiaomi-watch-2-pro-m2234w1-1-43-seryi-korichnevyi-bhr7216g-1998914/
9990.0,16.0,1.0,2000.0,0.0,0.0,280.0,720.0,25.0,36.2,32.0,120.0,832.0,0.0,0.0,0.0,0.0,0.0,42.83,42.83,9.25,1.28,416.0,416.0,"Смарт-часы AMAZFIT GTR Mini A2174,  42.83мм,  1.28"",  синий",https://www.citilink.ru/product/smart-chasy-amazfit-gtr-mini-a2174-42-83mm-1-28-sinii-sinii-1746168-1924644/
3540.0,0.000512,1.0,2000.0,0.0,0.0,155.0,240.0,96.0,35.0,32.0,120.0,832.0,0.0,0.0,0.0,0.0,0.0,83.0,42.5,10.7,1.3,240.0,240.0,"Смарт-часы Canyon Lollypop 42.5мм,  1.3"",  черный",https://www.citilink.ru/product/smart-chasy-canyon-lollypop-42-5mm-1-3-chernyi-chernyi-cns-sw63bb-1651893/
4990.0,16.0,1.0,2000.0,0.0,0.0,225.0,336.0,336.0,31.0,32.0,120.0,832.0,0.0,0.0,0.0,0.0,1.0,39.1,34.4,9.98,1.6,320.0,360.0,"Смарт-часы Xiaomi Poco Watch BHR5725GL,  1.6"",  черный",https://www.citilink.ru/product/smart-chasy-xiaomi-poco-watch-bhr5725gl-1-6-chernyi-chernyi-1778565/
690.0,16.0,0.0,2000.0,0.0,0.0,90.0,290.5470852017937,114.57142857142857,28.0,32.0,115.08391608391608,832.0,0.0,0.0,0.0,0.0,0.0,36.0,250.0,14.0,1.3,240.0,240.0,"Смарт-часы Digma Smartline H2,  1.3"",  черный",https://www.citilink.ru/product/smart-chasy-digma-smartline-h2-1-3-chernyi-chernyi-h2b-1528560/
5490.0,8.0,1.0,2000.0,1.0,0.0,700.0,96.0,48.0,45.0,1024.0,180.0,1500.0,0.0,0.0,0.0,0.0,0.0,40.0,48.0,16.0,1.69,240.0,280.0,"Смарт-часы Кнопка Жизни Aimoto Trend,  40мм,  1.69"",  розовый",https://www.citilink.ru/product/smart-chasy-knopka-zhizni-aimoto-trend-40mm-1-69-rozovyi-rozovyi-82099-1949718/
48990.0,16.0,0.0,2000.0,1.0,0.0,401.30288461538464,288.0,13.0,39.0,32.0,115.08391608391608,832.0,0.0,0.0,0.0,0.0,0.0,41.0,41.0,12.4,1.1,218.0,218.0,"Смарт-часы Garmin Forerunner 255S,  27.5мм,  1.1"",  черный",https://www.citilink.ru/product/smart-chasy-garmin-forerunner-255s-27-5mm-1-1-chernyi-belyi-010-02641-1901334/
25999.0,4.0,1.0,2000.0,0.0,0.0,292.0,336.0,168.0,50.0,32.0,90.0,832.0,0.0,0.0,0.0,0.0,1.0,43.0,43.0,10.5,1.32,466.0,466.0,"Смарт-часы Huawei Watch GT 3 Pro Frigga-B19V,  43мм,  1.32"",  белый/серебристый",https://www.citilink.ru/product/smart-chasy-huawei-watch-gt-3-pro-frigga-b19v-43mm-1-32-belyi-serebris-1775380/
129990.0,16.0,0.0,2000.0,1.0,0.0,401.30288461538464,213.0,16.0,61.0,32.0,115.08391608391608,832.0,0.0,0.0,0.0,0.0,0.0,51.0,51.0,14.9,1.4,280.0,280.0,"Смарт-часы Garmin Fenix 7X,  1.4"",  синий",https://www.citilink.ru/product/smart-chasy-garmin-fenix-7x-1-4-sinii-belyi-010-02541-15-1893498/
5490.0,8.0,1.0,2000.0,1.0,0.0,700.0,96.0,48.0,45.0,1024.0,180.0,1500.0,0.0,0.0,0.0,0.0,0.0,40.0,48.0,16.0,1.69,240.0,280.0,"Смарт-часы Кнопка Жизни Aimoto Trend,  40мм,  1.69"",  черный",https://www.citilink.ru/product/smart-chasy-knopka-zhizni-aimoto-trend-40mm-1-69-chernyi-chernyi-82099-1949716/
1590.0,0.000512,1.0,2000.0,0.0,0.0,155.0,240.0,96.0,35.0,32.0,120.0,832.0,0.0,0.0,0.0,0.0,0.0,83.0,42.5,10.7,1.3,240.0,240.0,"Смарт-часы Canyon Lollypop 42.5мм,  1.3"",  розовый",https://www.citilink.ru/product/smart-chasy-canyon-lollypop-42-5mm-1-3-rozovyi-rozovyi-cns-sw63pp-1651896/
4799.0,4.0,1.0,2000.0,0.0,0.0,750.0,120.0,48.0,54.0,512.0,240.0,1200.0,0.0,0.0,0.0,0.0,0.0,40.0,48.0,16.0,1.44,240.0,240.0,"Смарт-часы Кнопка Жизни Aimoto Pro Indigo 4G,  1.44"",  черный/синий",https://www.citilink.ru/product/smart-chasy-knopka-zhizni-aimoto-pro-indigo-4g-1-44-chernyi-sinii-cher-1437393/
7100.0,16.0,1.0,2000.0,1.0,0.0,300.0,288.0,114.57142857142857,120.0,32.0,120.0,832.0,1.0,0.0,0.0,0.0,0.0,10.4,38.4,11.31,1.96,410.0,502.0,"Смарт-часы AMAZFIT Pop 3S A2318,  1.96"",  черный",https://www.citilink.ru/product/smart-chasy-amazfit-pop-3s-a2318-1-96-chernyi-chernyi-1746286-1973771/
5290.0,16.0,1.0,2000.0,0.0,0.0,262.0,290.5470852017937,240.0,35.0,32.0,115.08391608391608,832.0,0.0,0.0,0.0,0.0,1.0,41.2,35.3,10.7,1.55,320.0,360.0,"Смарт-часы Xiaomi Redmi Watch 2 Lite GL,  1.55"",  синий",https://www.citilink.ru/product/smart-chasy-xiaomi-redmi-watch-2-lite-gl-1-55-sinii-sinii-bhr5440gl-1648925/
2890.0,0.128,1.0,2000.0,1.0,0.0,400.0,96.0,48.0,58.0,192.0,180.0,832.0,0.0,0.0,0.0,0.0,0.0,42.0,54.0,15.0,1.44,128.0,128.0,"Смарт-часы Кнопка Жизни Aimoto Omega 4G,  42мм,  1.44"",  черный",https://www.citilink.ru/product/smart-chasy-knopka-zhizni-aimoto-omega-4g-42mm-1-44-chernyi-chernyi-92-1949701/
22990.0,16.0,1.0,2000.0,1.0,1.0,475.0,600.0,168.0,35.0,32.0,90.0,832.0,0.0,0.0,0.0,0.0,0.0,46.0,46.0,10.6,1.5,480.0,480.0,"Смарт-часы AMAZFIT Balance A2287,  46мм,  1.5"",  серый",https://www.citilink.ru/product/smart-chasy-amazfit-balance-a2287-46mm-1-5-seryi-seryi-1746352-1982897/
1390.0,16.0,1.0,2000.0,0.0,0.0,220.0,290.5470852017937,114.57142857142857,70.0,32.0,115.08391608391608,832.0,0.0,0.0,0.0,0.0,0.0,46.0,265.0,13.0,1.3,240.0,240.0,"Смарт-часы Digma Smartline D3,  1.3"",  черный",https://www.citilink.ru/product/smart-chasy-digma-smartline-d3-1-3-chernyi-chernyi-d3b-1528562/
10999.0,16.0,1.0,2000.0,0.0,0.0,250.0,576.0,336.0,39.1,32.0,150.0,832.0,0.0,0.0,0.0,1.0,0.0,36.0,42.4,8.8,1.75,390.0,450.0,"Смарт-часы AMAZFIT GTS 3 A2035,  1.75"",  розовый",https://www.citilink.ru/product/smart-chasy-amazfit-gts-3-a2035-1-75-rozovyi-rozovyi-1613027/
3999.0,16.0,1.0,500.0,1.0,0.0,280.0,720.0,123.0,45.0,128.0,115.08391608391608,200.0,0.0,0.0,0.0,0.0,0.0,40.09,246.64,12.17,1.83,240.0,284.0,"Смарт-часы INFINIX XW1,  40мм,  1.83"",  черный",https://www.citilink.ru/product/smart-chasy-infinix-xw1-40mm-1-83-chernyi-chernyi-10311754-1985507/
2499.0,16.0,1.0,2000.0,0.0,0.0,260.0,290.5470852017937,480.0,38.0,32.0,115.08391608391608,832.0,0.0,0.0,0.0,0.0,0.0,36.0,48.0,11.5,1.4,320.0,320.0,"Смарт-часы HAYLOU LS02,  1.4"",  черный",https://www.citilink.ru/product/smart-chasy-haylou-ls02-1-4-chernyi-chernyi-1601184/
5990.0,16.0,1.0,2000.0,1.0,0.0,330.0,240.0,60.0,70.0,32.0,2.0,832.0,0.0,0.0,0.0,0.0,0.0,44.2,35.9,11.8,1.78,368.0,448.0,"Смарт-часы ARK Kieslect KS,  44.2мм,  1.78"",  черный",https://www.citilink.ru/product/smart-chasy-ark-kieslect-ks-44-2mm-1-78-chernyi-zheltyi-oranzhevyi-1941695/
4199.0,4.0,1.0,2000.0,0.0,0.0,750.0,120.0,48.0,54.0,512.0,240.0,1200.0,0.0,0.0,0.0,0.0,0.0,40.0,48.0,16.0,1.44,240.0,240.0,"Смарт-часы Кнопка Жизни Aimoto Pro Indigo 4G,  1.44"",  розовый",https://www.citilink.ru/product/smart-chasy-knopka-zhizni-aimoto-pro-indigo-4g-1-44-rozovyi-rozovyi-95-1437394/
2400.0,0.512,1.0,2000.0,0.0,0.0,200.0,288.0,168.0,45.0,32.0,115.08391608391608,832.0,0.0,0.0,0.0,0.0,0.0,42.8,36.8,10.7,1.4,240.0,240.0,"Смарт-часы Canyon Salt SW-78,  1.4"",  черный",https://www.citilink.ru/product/smart-chasy-canyon-salt-sw-78-1-4-chernyi-chernyi-cns-sw78bb-1614072/
6490.0,16.0,1.0,2000.0,0.0,0.0,850.0,240.0,72.0,48.0,128.0,120.0,832.0,0.0,0.0,0.0,0.0,0.0,48.5,41.0,15.0,1.3,240.0,240.0,"Смарт-часы Honor Kids Watch 4G TAR-WB01,  48.5мм,  1.3"",  синий",https://www.citilink.ru/product/smart-chasy-honor-kids-watch-4g-tar-wb01-48-5mm-1-3-sinii-sinii-5504aa-1968402/
12999.0,16.0,1.0,2000.0,0.0,0.0,470.0,290.5470852017937,288.0,36.3,32.0,150.0,832.0,0.0,0.0,0.0,0.0,1.0,47.3,46.5,11.0,1.43,446.0,446.0,"Смарт-часы Xiaomi Watch S1 Active GL,  46мм,  1.43"",  синий",https://www.citilink.ru/product/smart-chasy-xiaomi-watch-s1-active-gl-46mm-1-43-sinii-sinii-bhr5467gl-1837647/
1999.0,16.0,1.0,2000.0,0.0,0.0,400.0,48.0,114.57142857142857,40.0,32.0,60.0,832.0,0.0,0.0,0.0,0.0,0.0,40.0,50.0,15.0,1.44,240.0,240.0,"Смарт-часы Кнопка Жизни Aimoto Start 2,  1.44"",  синий",https://www.citilink.ru/product/smart-chasy-knopka-zhizni-aimoto-start-2-1-44-sinii-chernyi-9900202-1412325/
5300.0,16.0,1.0,2000.0,0.0,0.0,180.0,290.5470852017937,240.0,58.0,32.0,115.08391608391608,832.0,0.0,0.0,0.0,0.0,0.0,45.0,230.0,12.0,1.44,240.0,240.0,"Смарт-часы Lenovo E1 Pro L-SMW101,  1.44"",  черный",https://www.citilink.ru/product/smart-chasy-lenovo-e1-pro-l-smw101-1-44-chernyi-chernyi-1601186/
28820.0,8.0,1.0,2000.0,0.0,0.0,577.0,1080.0,72.0,41.0,1024.0,115.08391608391608,1700.0,0.0,0.0,0.0,0.0,0.0,48.0,47.0,12.3,1.4,454.0,454.0,"Смарт-часы ARK mobvoi Ticwatch Pro3 Ultra,  22мм,  1.4"",  черный",https://www.citilink.ru/product/smart-chasy-ark-mobvoi-ticwatch-pro3-ultra-22mm-1-4-chernyi-chernyi-1774293/
20999.0,16.0,1.0,2000.0,0.0,0.0,284.0,290.5470852017937,40.0,28.7,1536.0,115.08391608391608,1180.0,1.0,1.0,0.0,0.0,1.0,40.4,39.3,9.8,1.2,396.0,396.0,"Смарт-часы Samsung Galaxy Watch 5 40мм,  1.2"",  серый",https://www.citilink.ru/product/smart-chasy-samsung-galaxy-watch-5-40mm-1-2-seryi-seryi-sm-r900nzaamea-1898102/
2799.0,0.03,1.0,2000.0,0.0,0.0,400.0,72.0,48.0,44.0,32.0,180.0,260.0,0.0,0.0,0.0,0.0,0.0,40.0,48.0,18.0,1.3,128.0,128.0,"Смарт-часы Кнопка Жизни Aimoto Vita Pulse,  40мм,  1.3"",  черный",https://www.citilink.ru/product/smart-chasy-knopka-zhizni-aimoto-vita-pulse-40mm-1-3-chernyi-chernyi-9-1949698/
4899.0,16.0,1.0,2000.0,1.0,1.0,401.30288461538464,216.0,144.0,21.0,32.0,115.08391608391608,832.0,0.0,0.0,0.0,0.0,1.0,30.0,46.0,10.7,1.64,280.0,456.0,"Смарт-часы Huawei Fit SE STA-B39,  30мм,  1.64"",  розовый",https://www.citilink.ru/product/smart-chasy-huawei-fit-se-sta-b39-30mm-1-64-rozovyi-rozovyi-55020ate-1980979/
16999.0,16.0,1.0,2000.0,0.0,0.0,470.0,290.5470852017937,288.0,36.3,32.0,115.08391608391608,832.0,0.0,0.0,0.0,0.0,1.0,47.3,46.5,11.0,1.43,466.0,466.0,"Смарт-часы Xiaomi Watch S1 GL,  46мм,  1.43"",  серебристый",https://www.citilink.ru/product/smart-chasy-xiaomi-watch-s1-gl-46mm-1-43-serebristyi-serebristyi-bhr55-1848482/
1299.0,16.0,1.0,2000.0,1.0,1.0,140.0,290.5470852017937,114.57142857142857,45.0,32.0,115.08391608391608,832.0,0.0,1.0,0.0,0.0,0.0,3.6,25.0,1.5,0.54,240.0,240.0,"Смарт-часы SunWind SW30,  1.54"",  черный",https://www.citilink.ru/product/smart-chasy-sunwind-sw30-1-54-chernyi-chernyi-sw30b-1675503/
33990.0,16.0,0.0,2000.0,1.0,0.0,401.30288461538464,290.5470852017937,168.0,65.0,32.0,115.08391608391608,832.0,0.0,0.0,0.0,0.0,0.0,42.0,42.0,15.4,1.2,240.0,240.0,"Смарт-часы Garmin Fenix 5S Plus,  1.2"",  розовый",https://www.citilink.ru/product/smart-chasy-garmin-fenix-5s-plus-1-2-rozovyi-rozovyi-010-01987-11-1893492/
1930.0,0.032,1.0,2000.0,0.0,0.0,400.0,72.0,47.0,44.0,32.0,90.0,20.0,0.0,0.0,0.0,0.0,0.0,40.0,45.0,15.0,1.44,128.0,128.0,"Смарт-часы JET Kid Friend,  40мм,  1.44"",  розовый/белый",https://www.citilink.ru/product/smart-chasy-jet-kid-friend-40mm-1-44-rozovyi-belyi-rozovyi-belyi-frien-1436216/
11999.0,8.0,1.0,2000.0,0.0,0.0,380.0,1080.0,72.0,48.0,1024.0,115.08391608391608,832.0,0.0,0.0,0.0,0.0,0.0,47.0,47.0,12.6,1.3,360.0,360.0,"Смарт-часы ARK mobvoi Ticwatch E3,  0.727мм,  1.3"",  черный",https://www.citilink.ru/product/smart-chasy-ark-mobvoi-ticwatch-e3-0-727mm-1-3-chernyi-chernyi-p103400-1648955/
4990.0,0.128,1.0,2000.0,0.0,0.0,280.0,360.0,72.0,32.5,32.0,120.0,832.0,0.0,0.0,0.0,0.0,0.0,45.7,45.7,12.1,1.43,466.0,466.0,"Смарт-часы ARK Kieslect Kr Pro,  38мм,  1.43"",  черный",https://www.citilink.ru/product/smart-chasy-ark-kieslect-kr-pro-38mm-1-43-chernyi-chernyi-oranzhevyi-1892585/
4990.0,16.0,1.0,2000.0,0.0,0.0,225.0,290.5470852017937,336.0,31.0,32.0,120.0,832.0,0.0,0.0,0.0,0.0,1.0,39.1,34.4,9.98,1.6,320.0,360.0,"Смарт-часы Xiaomi Poco Watch BHR5723GL,  1.6"",  синий",https://www.citilink.ru/product/smart-chasy-xiaomi-poco-watch-bhr5723gl-1-6-sinii-sinii-1778566/
3830.0,16.0,1.0,2000.0,0.0,0.0,160.0,290.5470852017937,72.0,55.0,32.0,300.0,832.0,0.0,0.0,0.0,0.0,0.0,35.0,43.0,12.0,1.3,240.0,240.0,"Смарт-часы Rekam Bizzaro F630,  1.3"",  черный/серебристый",https://www.citilink.ru/product/smart-chasy-rekam-bizzaro-f630-1-3-chernyi-serebristyi-chernyi-2202000-1136930/
12999.0,16.0,1.0,2000.0,0.0,0.0,450.0,840.0,576.0,47.5,32.0,120.0,832.0,0.0,0.0,0.0,1.0,0.0,45.8,45.8,10.8,1.39,454.0,454.0,"Смарт-часы AMAZFIT GTR 3 A1971,  1.39"",  черный",https://www.citilink.ru/product/smart-chasy-amazfit-gtr-3-a1971-1-39-chernyi-chernyi-1613024/
2950.0,16.0,1.0,2000.0,0.0,0.0,210.0,120.0,48.0,50.0,32.0,115.08391608391608,832.0,0.0,0.0,0.0,0.0,0.0,38.0,44.0,10.5,1.54,240.0,240.0,"Смарт-часы JET Sport SW-4C,  1.54"",  черный",https://www.citilink.ru/product/smart-chasy-jet-sport-sw-4c-1-54-chernyi-chernyi-sw-4c-black-1202633/
4650.0,16.0,1.0,2000.0,0.0,0.0,180.0,290.5470852017937,72.0,48.0,32.0,300.0,832.0,0.0,0.0,0.0,0.0,0.0,32.6,45.2,11.7,1.3,240.0,240.0,"Смарт-часы Rekam Bizzaro F650,  1.3"",  черный",https://www.citilink.ru/product/smart-chasy-rekam-bizzaro-f650-1-3-chernyi-chernyi-2202000011-1136931/
3999.0,0.128,1.0,2000.0,0.0,0.0,750.0,120.0,72.0,50.0,192.0,180.0,832.0,0.0,0.0,0.0,0.0,0.0,40.0,48.0,16.0,1.4,240.0,240.0,"Смарт-часы Кнопка Жизни Aimoto Pro 4G,  1.4"",  черный",https://www.citilink.ru/product/smart-chasy-knopka-zhizni-aimoto-pro-4g-1-4-chernyi-chernyi-8100801-1788422/
3990.0,0.128,1.0,2000.0,0.0,0.0,670.0,96.0,48.0,46.0,192.0,180.0,832.0,0.0,0.0,0.0,0.0,0.0,43.0,48.0,12.0,1.85,240.0,280.0,"Смарт-часы Кнопка Жизни Aimoto Concept,  43мм,  1.85"",  розовый",https://www.citilink.ru/product/smart-chasy-knopka-zhizni-aimoto-concept-43mm-1-85-rozovyi-rozovyi-924-1949713/
5290.0,16.0,1.0,2000.0,0.0,0.0,262.0,290.5470852017937,240.0,35.0,32.0,115.08391608391608,832.0,0.0,0.0,0.0,0.0,1.0,41.2,35.3,10.7,1.55,320.0,360.0,"Смарт-часы Xiaomi Redmi Watch 2 Lite GL,  1.55"",  черный",https://www.citilink.ru/product/smart-chasy-xiaomi-redmi-watch-2-lite-gl-1-55-chernyi-chernyi-bhr5436g-1648924/
2000.0,0.004096,1.0,2000.0,0.0,0.0,170.0,480.0,120.0,40.0,0.064,115.08391608391608,832.0,0.0,0.0,0.0,0.0,0.0,42.0,37.0,10.0,1.3,240.0,240.0,"Смарт-часы Canyon Wildberry 1.3"",  черный",https://www.citilink.ru/product/smart-chasy-canyon-wildberry-1-3-chernyi-chernyi-cns-sw74bb-1471380/
5860.0,16.0,1.0,2000.0,0.0,0.0,160.0,290.5470852017937,168.0,31.0,32.0,115.08391608391608,832.0,0.0,0.0,0.0,0.0,0.0,36.2,40.5,118.0,1.4,320.0,320.0,"Смарт-часы REALME Watch 35мм,  1.4"",  черный",https://www.citilink.ru/product/smart-chasy-realme-watch-35mm-1-4-chernyi-chernyi-4811934-1396259/
19990.0,32.0,1.0,600.0,1.0,0.0,495.0,290.5470852017937,65.0,36.8,2048.0,45.0,832.0,0.0,1.0,0.0,0.0,1.0,47.5,45.9,11.8,1.43,466.0,466.0,"Смарт-часы Xiaomi Watch 2 46мм,  1.43"",  черный",https://www.citilink.ru/product/smart-chasy-xiaomi-watch-2-46mm-1-43-chernyi-chernyi-bhr8035gl-2011874/
28870.0,4.0,1.0,2000.0,0.0,0.0,790.0,290.5470852017937,114.57142857142857,45.5,32.0,120.0,832.0,0.0,0.0,0.0,0.0,0.0,48.0,48.0,13.0,1.39,454.0,454.0,"Смарт-часы Honor Watch GS Pro Kanon-B19A,  48мм,  1.39"",  синий",https://www.citilink.ru/product/smart-chasy-honor-watch-gs-pro-kanon-b19a-48mm-1-39-sinii-sinii-550260-1424140/
1299.0,16.0,1.0,2000.0,0.0,0.0,170.0,290.5470852017937,114.57142857142857,48.0,32.0,115.08391608391608,832.0,0.0,0.0,0.0,0.0,0.0,36.0,44.0,10.0,1.4,240.0,240.0,"Смарт-часы Digma Smartline E3,  1.4"",  черный",https://www.citilink.ru/product/smart-chasy-digma-smartline-e3-1-4-chernyi-chernyi-e3b-1497171/
949.0,16.0,1.0,2000.0,1.0,1.0,140.0,290.5470852017937,114.57142857142857,45.0,32.0,60.0,832.0,0.0,1.0,0.0,0.0,0.0,36.0,250.0,15.0,1.69,240.0,280.0,"Смарт-часы SunWind SW35,  1.69"",  черный",https://www.citilink.ru/product/smart-chasy-sunwind-sw35-1-69-chernyi-chernyi-sw35b-1675504/
2130.0,0.128,1.0,2000.0,0.0,0.0,200.0,200.0,100.0,41.0,128.0,120.0,832.0,0.0,0.0,0.0,0.0,0.0,46.0,46.0,10.6,1.3,240.0,240.0,"Смарт-часы IRBIS Clock 1.3"",  черный",https://www.citilink.ru/product/smart-chasy-irbis-clock-1-3-chernyi-chernyi-1458977/
95990.0,16.0,1.0,2000.0,0.0,0.0,401.30288461538464,3336.0,573.0,96.0,32.0,140.0,832.0,0.0,0.0,0.0,0.0,0.0,51.0,51.0,14.9,1.45,280.0,280.0,"Смарт-часы Garmin Fenix 7 X Solar,  51мм,  1.45"",  темно-серый",https://www.citilink.ru/product/smart-chasy-garmin-fenix-7-x-solar-51mm-1-45-temno-seryi-chernyi-010-0-1770973/
2010.0,0.032,1.0,2000.0,0.0,0.0,400.0,96.0,48.0,40.0,24.0,120.0,312.0,0.0,0.0,0.0,0.0,0.0,35.0,42.0,14.0,1.2,240.0,240.0,"Смарт-часы Кнопка Жизни Aimoto Kid,  1.2"",  черный",https://www.citilink.ru/product/smart-chasy-knopka-zhizni-aimoto-kid-1-2-chernyi-chernyi-8001105-1788419/
3999.0,16.0,1.0,500.0,1.0,0.0,280.0,720.0,123.0,45.0,128.0,115.08391608391608,200.0,0.0,0.0,0.0,0.0,0.0,40.09,246.64,12.17,1.83,240.0,284.0,"Смарт-часы INFINIX XW1,  40мм,  1.83"",  серебристый",https://www.citilink.ru/product/smart-chasy-infinix-xw1-40mm-1-83-serebristyi-seryi-10311753-1985500/
17990.0,16.0,1.0,2000.0,0.0,0.0,500.0,1080.0,576.0,66.5,32.0,120.0,832.0,0.0,0.0,0.0,0.0,0.0,47.1,47.1,13.65,1.39,454.0,454.0,"Смарт-часы AMAZFIT T-Rex 2 A2170,  1.39"",  черный/золотистый",https://www.citilink.ru/product/smart-chasy-amazfit-t-rex-2-a2170-1-39-chernyi-zolotistyi-chernyi-zolo-1789904/
41990.0,16.0,0.0,2000.0,0.0,0.0,500.0,480.0,28.0,89.0,32.0,120.0,832.0,0.0,0.0,0.0,0.0,0.0,47.3,47.3,13.45,1.39,454.0,454.0,"Смарт-часы AMAZFIT T-Rex Ultra A2142,  47.3мм,  1.39"",  черный",https://www.citilink.ru/product/smart-chasy-amazfit-t-rex-ultra-a2142-47-3mm-1-39-chernyi-chernyi-1928736/
25990.0,32.0,1.0,600.0,0.0,0.0,495.0,55.0,114.57142857142857,54.5,2048.0,45.0,832.0,0.0,0.0,0.0,0.0,1.0,45.9,47.6,11.8,1.43,466.0,466.0,"Смарт-часы Xiaomi Watch 2 Pro M2234W1,  1.43"",  черный",https://www.citilink.ru/product/smart-chasy-xiaomi-watch-2-pro-m2234w1-1-43-chernyi-chernyi-bhr7211gl-1998911/
4599.0,0.128,1.0,2000.0,0.0,0.0,500.0,96.0,48.0,55.0,192.0,120.0,832.0,0.0,0.0,0.0,0.0,0.0,46.0,49.5,16.5,1.28,240.0,240.0,"Смарт-часы Кнопка Жизни Aimoto Sport 4G,  1.28"",  розовый",https://www.citilink.ru/product/smart-chasy-knopka-zhizni-aimoto-sport-4g-1-28-rozovyi-rozovyi-9220102-1788425/
4999.0,8.0,1.0,2000.0,0.0,0.0,750.0,96.0,48.0,53.0,1024.0,240.0,1500.0,0.0,0.0,0.0,0.0,0.0,40.0,48.0,16.0,1.44,240.0,240.0,"Смарт-часы Кнопка Жизни Aimoto Маруся IQ 4G,  1.44"",  розовый",https://www.citilink.ru/product/smart-chasy-knopka-zhizni-aimoto-marusya-iq-4g-1-44-rozovyi-rozovyi-81-1586852/
1090.0,0.032,1.0,2000.0,0.0,0.0,200.0,168.0,120.0,66.0,32.0,120.0,20.0,0.0,0.0,0.0,0.0,0.0,40.0,52.0,10.0,1.44,240.0,240.0,"Смарт-часы JET Sport SW-5,  52мм,  1.44"",  черный",https://www.citilink.ru/product/smart-chasy-jet-sport-sw-5-52mm-1-44-chernyi-zheltyi-sw-5-yellow-1121928/
1999.0,16.0,1.0,2000.0,0.0,0.0,400.0,48.0,114.57142857142857,40.0,32.0,60.0,832.0,0.0,0.0,0.0,0.0,0.0,40.0,50.0,15.0,1.44,240.0,240.0,"Смарт-часы Кнопка Жизни Aimoto Start 2,  1.44"",  розовый",https://www.citilink.ru/product/smart-chasy-knopka-zhizni-aimoto-start-2-1-44-rozovyi-rozovyi-9900201-1412328/
10990.0,16.0,1.0,2000.0,0.0,0.0,370.0,290.5470852017937,336.0,34.0,2.0,120.0,832.0,0.0,0.0,0.0,0.0,0.0,46.62,46.62,12.0,1.32,360.0,360.0,"Смарт-часы AMAZFIT Active Edge A2212,  1.32"",  темно-серый",https://www.citilink.ru/product/smart-chasy-amazfit-active-edge-a2212-1-28-amoled-korp-tem-noch-174647-2014085/
10990.0,16.0,1.0,2000.0,0.0,0.0,370.0,290.5470852017937,336.0,34.0,2.0,120.0,832.0,0.0,0.0,0.0,0.0,0.0,46.62,46.62,12.0,1.32,360.0,360.0,"Смарт-часы AMAZFIT Active Edge A2212,  1.32"",  черный",https://www.citilink.ru/product/smart-chasy-amazfit-active-edge-a2212-1-28-amoled-korp-chernyi-rem-che-2014084/
17990.0,4.0,1.0,2000.0,0.0,0.0,451.0,290.5470852017937,336.0,44.0,32.0,115.08391608391608,832.0,1.0,0.0,0.0,0.0,0.0,45.9,45.9,10.5,1.43,466.0,466.0,"Смарт-часы Honor Watch GS 3 MUS-B19,  45.9мм,  1.43"",  синий",https://www.citilink.ru/product/smart-chasy-honor-watch-gs-3-mus-b19-45-9mm-1-43-sinii-sinii-2011886/
17990.0,4.0,1.0,2000.0,0.0,0.0,451.0,290.5470852017937,336.0,44.0,32.0,115.08391608391608,832.0,1.0,0.0,0.0,0.0,0.0,45.9,45.9,10.5,1.43,466.0,466.0,"Смарт-часы Honor Watch GS 3 MUS-B19,  45.9мм,  1.43"",  черный",https://www.citilink.ru/product/smart-chasy-honor-watch-gs-3-mus-b19-45-9mm-1-43-chernyi-chernyi-2011884/
19990.0,32.0,1.0,600.0,1.0,0.0,495.0,290.5470852017937,65.0,36.8,2048.0,45.0,832.0,0.0,1.0,0.0,0.0,1.0,47.5,45.9,11.8,1.43,466.0,466.0,"Смарт-часы Xiaomi Watch 2 46мм,  1.43"",  серебристый",https://www.citilink.ru/product/smart-chasy-xiaomi-watch-2-46mm-1-43-serebristyi-seryi-bhr8034gl-2011872/
148990.0,16.0,1.0,2000.0,1.0,0.0,401.30288461538464,290.5470852017937,114.57142857142857,73.0,32.0,115.08391608391608,832.0,0.0,0.0,0.0,0.0,0.0,47.0,47.0,14.5,1.3,260.0,260.0,"Смарт-часы Garmin Fenix 7 Sapphire Solar,  33.02мм,  1.3"",  темно-серый",https://www.citilink.ru/product/smart-chasy-garmin-fenix-7-sapphire-solar-33-02mm-1-3-temno-seryi-temn-2003944/
22590.0,16.0,1.0,2000.0,1.0,0.0,323.0,168.0,96.0,37.0,32.0,1.5,832.0,0.0,0.0,0.0,0.0,1.0,41.3,41.3,9.8,1.32,466.0,466.0,"Смарт-часы Huawei Watch GT 4 Aurora-B19T,  41.3мм,  1.32"",  серебристый",https://www.citilink.ru/product/smart-chasy-huawei-watch-gt-4-aurora-b19t-41-3mm-1-32-serebristyi-sere-1980987/
22999.0,16.0,1.0,2000.0,1.0,0.0,524.0,336.0,192.0,48.0,32.0,115.08391608391608,832.0,0.0,0.0,0.0,0.0,1.0,46.0,46.0,10.9,1.43,466.0,466.0,"Смарт-часы Huawei Watch GT 4 Phoinix-B19M,  46мм,  1.43"",  серебристый",https://www.citilink.ru/product/smart-chasy-huawei-watch-gt-4-phoinix-b19m-46mm-1-43-serebristyi-sereb-1980986/
5999.0,16.0,1.0,2000.0,1.0,1.0,401.30288461538464,216.0,144.0,21.0,32.0,115.08391608391608,832.0,0.0,0.0,0.0,0.0,1.0,30.0,46.0,10.7,1.64,280.0,456.0,"Смарт-часы Huawei Fit SE STA-B39,  30мм,  1.64"",  зеленый",https://www.citilink.ru/product/smart-chasy-huawei-fit-se-sta-b39-30mm-1-64-zelenyi-zelenyi-55020atf-1980980/
7990.0,0.13,1.0,2000.0,1.0,0.0,300.0,240.0,120.0,26.0,16.0,120.0,832.0,0.0,0.0,0.0,0.0,0.0,38.09,45.94,11.2,1.91,320.0,380.0,"Смарт-часы AMAZFIT Bip 5 A2215,  1.91"",  черный",https://www.citilink.ru/product/smart-chasy-amazfit-bip-5-a2215-1-91-chernyi-chernyi-1976435/
999.0,0.032,1.0,2000.0,0.0,0.0,350.0,96.0,48.0,45.0,24.0,120.0,312.0,0.0,0.0,0.0,0.0,0.0,40.0,45.0,14.0,1.44,128.0,128.0,"Смарт-часы Кнопка Жизни Aimoto Lite,  1.44"",  черный",https://www.citilink.ru/product/smart-chasy-knopka-zhizni-aimoto-lite-1-44-chernyi-chernyi-9101201-1788417/
23990.0,16.0,1.0,2000.0,0.0,0.0,425.0,40.0,30.0,59.0,2048.0,115.08391608391608,1400.0,0.0,1.0,0.0,0.0,1.0,46.5,46.5,10.9,1.5,480.0,480.0,"Смарт-часы Samsung Galaxy Watch 6 Classic 47мм,  1.5"",  черный(восстановленный)черный [sm-r960nzkacis](восстановленный)",https://www.citilink.ru/product/smart-chasy-samsung-galaxy-watch-6-classic-47mm-1-5-chernyi-chernyi-sm-M00275746/
15979.0,16.0,1.0,2000.0,1.0,1.0,475.0,600.0,168.0,35.0,32.0,90.0,832.0,0.0,0.0,0.0,0.0,0.0,46.0,46.0,10.6,1.5,480.0,480.0,"Смарт-часы AMAZFIT Balance A2287,  46мм,  1.5"",  черный(Б/У)черный [1746353](Б/У)",https://www.citilink.ru/product/smart-chasy-amazfit-balance-a2287-46mm-1-5-chernyi-chernyi-1746353-b-u-M00275401/
21317.0,16.0,1.0,2000.0,0.0,0.0,300.0,40.0,30.0,52.0,2048.0,115.08391608391608,1400.0,0.0,1.0,0.0,0.0,1.0,42.5,42.5,10.9,1.3,432.0,432.0,"Смарт-часы Samsung Galaxy Watch 6 Classic 43мм,  1.3"",  черный(восстановленный)черный [sm-r950nzkacis](восстановленный)",https://www.citilink.ru/product/smart-chasy-samsung-galaxy-watch-6-classic-43mm-1-3-chernyi-chernyi-sm-M00273569/
1508.0,0.03,1.0,2000.0,0.0,0.0,400.0,72.0,48.0,44.0,32.0,180.0,260.0,0.0,0.0,0.0,0.0,0.0,40.0,48.0,18.0,1.3,128.0,128.0,"Смарт-часы Кнопка Жизни Aimoto Vita Pulse,  40мм,  1.3"",  черный(Б/У)черный [9709905](Б/У)",https://www.citilink.ru/product/smart-chasy-knopka-zhizni-aimoto-vita-pulse-40mm-1-3-chernyi-chernyi-9-M00272358/
1671.0,0.03,1.0,2000.0,0.0,0.0,400.0,72.0,24.0,48.0,32.0,180.0,260.0,0.0,0.0,0.0,0.0,0.0,40.0,50.0,15.0,1.44,240.0,240.0,"Смарт-часы Кнопка Жизни Aimoto MARVEL ""Герои"",  1.44"",  черный/синий(Б/У)черный [9301109](Б/У)",https://www.citilink.ru/product/smart-chasy-knopka-zhizni-aimoto-marvel-geroi-1-44-chernyi-sinii-chern-M00271028/
1040.0,0.128,1.0,2000.0,0.0,0.0,750.0,120.0,72.0,50.0,192.0,180.0,832.0,0.0,0.0,0.0,0.0,0.0,40.0,48.0,16.0,1.4,240.0,240.0,"Смарт-часы Кнопка Жизни Aimoto Pro 4G,  1.4"",  розовый(Б/У)розовый [8100804](Б/У)",https://www.citilink.ru/product/smart-chasy-knopka-zhizni-aimoto-pro-4g-1-4-rozovyi-rozovyi-8100804-b-M00256941/
1410.0,4.0,1.0,2000.0,0.0,0.0,750.0,120.0,48.0,54.0,512.0,240.0,1200.0,0.0,0.0,0.0,0.0,0.0,40.0,48.0,16.0,1.44,240.0,240.0,"Смарт-часы Кнопка Жизни Aimoto Pro Indigo 4G,  1.44"",  черный/синий(Б/У)черный/синий [9500102](Б/У)",https://www.citilink.ru/product/smart-chasy-knopka-zhizni-aimoto-pro-indigo-4g-1-44-chernyi-sinii-cher-M00255691/
1511.0,16.0,1.0,2000.0,0.0,0.0,400.0,290.5470852017937,114.57142857142857,35.0,32.0,115.08391608391608,832.0,0.0,0.0,0.0,0.0,0.0,40.0,45.0,15.0,1.44,240.0,240.0,"Смарт-часы Кнопка Жизни Disney Принцесса Рапунцель,  1.44"",  розовый(Б/У)розовый [9301104](Б/У)",https://www.citilink.ru/product/smart-chasy-knopka-zhizni-disney-princessa-rapuncel-1-44-rozovyi-rozov-M00254234/
904.0,16.0,1.0,2000.0,0.0,0.0,155.0,240.0,96.0,45.0,32.0,115.08391608391608,832.0,0.0,0.0,0.0,0.0,0.0,41.2,35.2,9.3,1.3,240.0,240.0,"Смарт-часы Canyon My Dino 1.3"",  синий / синий камуфляж [cne-kw33bl](мех.повреждения)",https://www.citilink.ru/product/smart-chasy-canyon-my-dino-1-3-sinii-sinii-kamuflyazh-cne-kw33bl-meh-p-M00254233/
2259.0,4.0,1.0,2000.0,0.0,0.0,750.0,120.0,48.0,54.0,512.0,240.0,1200.0,0.0,0.0,0.0,0.0,0.0,40.0,48.0,16.0,1.44,240.0,240.0,"Смарт-часы Кнопка Жизни Aimoto Pro Indigo 4G,  1.44"",  черный/синий(Б/У)черный/синий [9500102](Б/У)",https://www.citilink.ru/product/smart-chasy-knopka-zhizni-aimoto-pro-indigo-4g-1-44-chernyi-sinii-cher-M00244798/
2138.0,4.0,1.0,2000.0,0.0,0.0,750.0,120.0,48.0,54.0,512.0,240.0,1200.0,0.0,0.0,0.0,0.0,0.0,40.0,48.0,16.0,1.44,240.0,240.0,"Смарт-часы Кнопка Жизни Aimoto Pro Indigo 4G,  1.44"",  розовый(восстановленный)розовый [9500103](восстановленный)",https://www.citilink.ru/product/smart-chasy-knopka-zhizni-aimoto-pro-indigo-4g-1-44-rozovyi-rozovyi-95-M00241821/
3240.0,4.0,1.0,2000.0,0.0,0.0,750.0,120.0,48.0,54.0,512.0,240.0,1200.0,0.0,0.0,0.0,0.0,0.0,40.0,48.0,16.0,1.44,240.0,240.0,"Смарт-часы Кнопка Жизни Aimoto Pro Indigo 4G,  1.44"",  розовый(восстановленный)розовый [9500103](восстановленный)",https://www.citilink.ru/product/smart-chasy-knopka-zhizni-aimoto-pro-indigo-4g-1-44-rozovyi-rozovyi-95-M00223709/
2024.0,4.0,1.0,2000.0,0.0,0.0,750.0,120.0,48.0,54.0,512.0,240.0,1200.0,0.0,0.0,0.0,0.0,0.0,40.0,48.0,16.0,1.44,240.0,240.0,"Смарт-часы Кнопка Жизни Aimoto Pro Indigo 4G,  1.44"",  розовый(восстановленный)розовый [9500103](восстановленный)",https://www.citilink.ru/product/smart-chasy-knopka-zhizni-aimoto-pro-indigo-4g-1-44-rozovyi-rozovyi-95-M00221310/
1280.0,0.032,1.0,2000.0,0.0,0.0,400.0,72.0,50.0,43.0,32.0,90.0,20.0,0.0,0.0,0.0,1.0,0.0,38.2,45.8,14.3,1.44,240.0,240.0,"Смарт-часы JET Kid My Little Pony,  40мм,  1.44"",  голубой(Б/У)голубой(Б/У)",https://www.citilink.ru/product/smart-chasy-jet-kid-my-little-pony-40mm-1-44-goluboi-goluboi-b-u-M00218077/
10990.0,16.0,1.0,2000.0,0.0,0.0,370.0,290.5470852017937,336.0,34.0,2.0,120.0,832.0,0.0,0.0,0.0,0.0,0.0,46.62,46.62,12.0,1.32,360.0,360.0,"Смарт-часы AMAZFIT Active Edge A2212,  1.32"",  зеленый",https://www.citilink.ru/product/smart-chasy-amazfit-active-edge-a2212-1-28-amoled-korp-zelenyi-rem-zel-2014082/
110990.0,16.0,1.0,2000.0,1.0,1.0,401.30288461538464,384.0,75.0,76.0,32.0,90.0,832.0,0.0,0.0,0.0,0.0,0.0,47.0,47.0,14.5,1.3,416.0,416.0,"Смарт-часы Garmin Epix Gen 2,  33.02мм,  1.3"",  черный/стальной",https://www.citilink.ru/product/smart-chasy-garmin-epix-gen-2-33-02mm-1-3-chernyi-stalnoi-seryi-010-02-2003957/
58990.0,16.0,1.0,2000.0,1.0,1.0,401.30288461538464,360.0,24.0,39.0,32.0,120.0,832.0,0.0,0.0,0.0,0.0,0.0,41.7,41.7,12.9,1.1,360.0,360.0,"Смарт-часы Garmin Forerunner 265S,  27.5мм,  1.1"",  черный",https://www.citilink.ru/product/smart-chasy-garmin-forerunner-265s-27-5mm-1-1-chernyi-chernyi-zheltyi-2003956/
58990.0,8.0,1.0,2000.0,1.0,1.0,401.30288461538464,312.0,6.0,46.0,32.0,115.08391608391608,832.0,0.0,0.0,0.0,0.0,0.0,46.1,46.1,12.9,1.3,416.0,416.0,"Смарт-часы Garmin Forerunner 265,  33мм,  1.3"",  черный/белый",https://www.citilink.ru/product/smart-chasy-garmin-forerunner-265-33mm-1-3-chernyi-belyi-belyi-010-028-2003955/
58990.0,8.0,1.0,2000.0,1.0,1.0,401.30288461538464,312.0,6.0,46.0,32.0,115.08391608391608,832.0,0.0,0.0,0.0,0.0,0.0,46.1,46.1,12.9,1.3,416.0,416.0,"Смарт-часы Garmin Forerunner 265,  33мм,  1.3"",  черный/бирюзовый",https://www.citilink.ru/product/smart-chasy-garmin-forerunner-265-33mm-1-3-chernyi-biryuzovyi-biryuzov-2003954/
56990.0,16.0,0.0,2000.0,1.0,0.0,401.30288461538464,288.0,13.0,39.0,32.0,115.08391608391608,832.0,0.0,0.0,0.0,0.0,0.0,41.0,41.0,12.4,1.1,218.0,218.0,"Смарт-часы Garmin Forerunner 255S,  27.5мм,  1.1"",  черный/серый",https://www.citilink.ru/product/smart-chasy-garmin-forerunner-255s-27-5mm-1-1-chernyi-seryi-seryi-010-2003953/
33990.0,16.0,1.0,2000.0,1.0,1.0,401.30288461538464,1200.0,22.0,42.0,32.0,115.08391608391608,832.0,0.0,0.0,0.0,0.0,0.0,40.0,40.0,14.3,1.3,156.0,156.0,"Смарт-часы Garmin Instinct 2S Surf,  20мм,  1.3"",  черный/бирюзовый",https://www.citilink.ru/product/smart-chasy-garmin-instinct-2s-surf-20mm-1-3-chernyi-biryuzovyi-yarko-2003952/
64990.0,16.0,1.0,2000.0,1.0,1.0,401.30288461538464,672.0,70.0,53.0,32.0,115.08391608391608,832.0,0.0,0.0,0.0,0.0,0.0,45.0,45.0,14.6,2.3,176.0,176.0,"Смарт-часы Garmin Instinct 2 Solar,  23мм,  2.3"",  черный",https://www.citilink.ru/product/smart-chasy-garmin-instinct-2-solar-23mm-2-3-chernyi-chernyi-010-02627-2003949/
40990.0,16.0,1.0,2000.0,1.0,1.0,401.30288461538464,672.0,30.0,52.0,32.0,115.08391608391608,832.0,0.0,0.0,0.0,0.0,0.0,45.0,45.0,14.5,1.3,176.0,176.0,"Смарт-часы Garmin Instinct 2 Electric,  23мм,  1.3"",  черный/зеленый",https://www.citilink.ru/product/smart-chasy-garmin-instinct-2-electric-23mm-1-3-chernyi-zelenyi-yarko-2003947/
7990.0,0.13,1.0,2000.0,1.0,0.0,300.0,240.0,120.0,26.0,16.0,120.0,832.0,0.0,0.0,0.0,0.0,0.0,38.09,45.94,11.2,1.91,320.0,380.0,"Смарт-часы AMAZFIT Bip 5 A2215,  1.91"",  розовый",https://www.citilink.ru/product/smart-chasy-amazfit-bip-5-a2215-1-91-rozovyi-rozovyi-1976438/
7990.0,0.13,1.0,2000.0,1.0,0.0,300.0,240.0,120.0,26.0,16.0,120.0,832.0,0.0,0.0,0.0,0.0,0.0,38.09,45.94,11.2,1.91,320.0,380.0,"Смарт-часы AMAZFIT Bip 5 A2215,  1.91"",  белый",https://www.citilink.ru/product/smart-chasy-amazfit-bip-5-a2215-1-91-belyi-belyi-1976437/
126990.0,16.0,1.0,2000.0,1.0,1.0,401.30288461538464,384.0,75.0,70.0,32.0,90.0,832.0,0.0,0.0,0.0,0.0,0.0,47.0,47.0,14.5,1.3,416.0,416.0,"Смарт-часы Garmin Epix Gen 2 Sapphire,  33.02мм,  1.3"",  черный",https://www.citilink.ru/product/smart-chasy-garmin-epix-gen-2-sapphire-33-02mm-1-3-chernyi-chernyi-010-1975280/
123990.0,16.0,1.0,2000.0,1.0,1.0,401.30288461538464,384.0,75.0,70.0,32.0,90.0,832.0,0.0,0.0,0.0,0.0,0.0,47.0,47.0,14.5,1.3,416.0,416.0,"Смарт-часы Garmin Epix Gen 2 Sapphire,  33.02мм,  1.3"",  титан",https://www.citilink.ru/product/smart-chasy-garmin-epix-gen-2-sapphire-33-02mm-1-3-titan-belyi-010-025-1975279/
62990.0,16.0,1.0,2000.0,1.0,1.0,401.30288461538464,216.0,24.0,51.0,32.0,45.0,832.0,0.0,0.0,0.0,0.0,0.0,43.6,43.6,12.6,1.3,416.0,416.0,"Смарт-часы Garmin Venu 2 Plus,  33мм,  1.3"",  черный",https://www.citilink.ru/product/smart-chasy-garmin-venu-2-plus-33mm-1-3-chernyi-korichnevyi-010-02496-1975274/
42990.0,16.0,1.0,2000.0,1.0,1.0,401.30288461538464,336.0,40.0,53.0,32.0,70.0,832.0,0.0,0.0,0.0,0.0,0.0,45.0,45.0,15.3,1.2,128.0,128.0,"Смарт-часы Garmin Instinct Solar,  40мм,  1.2"",  черный/оранжевый",https://www.citilink.ru/product/smart-chasy-garmin-instinct-solar-40mm-1-2-chernyi-oranzhevyi-oranzhev-1975272/
60990.0,16.0,1.0,2000.0,1.0,1.0,401.30288461538464,1200.0,504.0,43.0,32.0,115.08391608391608,832.0,0.0,0.0,0.0,0.0,0.0,40.0,40.0,13.3,1.2,156.0,156.0,"Смарт-часы Garmin Instinct 2s Solar,  40мм,  1.2"",  черный/белый",https://www.citilink.ru/product/smart-chasy-garmin-instinct-2s-solar-40mm-1-2-chernyi-belyi-belyi-010-1975271/
47990.0,16.0,1.0,2000.0,1.0,1.0,401.30288461538464,1200.0,504.0,43.0,32.0,115.08391608391608,832.0,0.0,0.0,0.0,0.0,0.0,40.0,40.0,13.3,1.2,156.0,156.0,"Смарт-часы Garmin Instinct 2 Solar,  40мм,  1.2"",  черный/серый",https://www.citilink.ru/product/smart-chasy-garmin-instinct-2-solar-40mm-1-2-chernyi-seryi-seryi-010-0-1975270/
48990.0,16.0,1.0,2000.0,1.0,1.0,401.30288461538464,1200.0,504.0,42.0,32.0,120.0,832.0,0.0,0.0,0.0,0.0,0.0,40.0,40.0,13.3,1.2,156.0,156.0,"Смарт-часы Garmin Instinct 2S,  40мм,  1.2"",  черный/серый",https://www.citilink.ru/product/smart-chasy-garmin-instinct-2s-40mm-1-2-chernyi-seryi-seryi-kamuflyazh-1975269/
34990.0,16.0,1.0,2000.0,1.0,1.0,401.30288461538464,1560.0,672.0,53.0,32.0,115.08391608391608,832.0,0.0,0.0,0.0,0.0,0.0,45.0,45.0,14.2,1.2,176.0,176.0,"Смарт-часы Garmin Instinct 2 SURF,  46мм,  1.2"",  темно-серый/зеленый",https://www.citilink.ru/product/smart-chasy-garmin-instinct-2-surf-46mm-1-2-temno-seryi-zelenyi-temno-1975268/
69990.0,16.0,1.0,2000.0,1.0,1.0,401.30288461538464,360.0,24.0,39.0,32.0,120.0,832.0,0.0,0.0,0.0,0.0,0.0,41.7,41.7,12.9,1.1,360.0,360.0,"Смарт-часы Garmin Forerunner 265S,  27.5мм,  1.1"",  черный/розовый",https://www.citilink.ru/product/smart-chasy-garmin-forerunner-265s-27-5mm-1-1-chernyi-rozovyi-rozovyi-1975263/
2799.0,0.03,1.0,2000.0,0.0,0.0,400.0,72.0,48.0,44.0,32.0,180.0,260.0,0.0,0.0,0.0,0.0,0.0,40.0,48.0,18.0,1.3,128.0,128.0,"Смарт-часы Кнопка Жизни Aimoto Vita Pulse,  40мм,  1.3"",  красный",https://www.citilink.ru/product/smart-chasy-knopka-zhizni-aimoto-vita-pulse-40mm-1-3-krasnyi-krasnyi-9-1949695/
6170.0,16.0,1.0,2000.0,1.0,0.0,280.0,240.0,60.0,100.0,32.0,120.0,832.0,0.0,0.0,0.0,0.0,0.0,45.7,45.7,13.0,1.32,360.0,360.0,"Смарт-часы ARK Kieslect Lady Lora,  45.7мм,  1.32"",  розовый",https://www.citilink.ru/product/smart-chasy-ark-kieslect-lady-lora-45-7mm-1-32-rozovyi-rozovyi-1941696/
101990.0,16.0,1.0,2000.0,0.0,0.0,401.30288461538464,2088.0,336.0,63.0,32.0,115.08391608391608,832.0,0.0,0.0,0.0,0.0,0.0,42.0,42.0,14.1,1.2,240.0,240.0,"Смарт-часы Garmin Fenix 7S Solar,  42мм,  1.2"",  розовое золото",https://www.citilink.ru/product/smart-chasy-garmin-fenix-7s-solar-42mm-1-2-rozovoe-zoloto-pesochnyi-01-1936233/
3990.0,0.128,1.0,2000.0,1.0,0.0,750.0,120.0,72.0,50.0,192.0,180.0,832.0,0.0,0.0,0.0,0.0,0.0,40.0,48.0,16.0,1.44,240.0,240.0,"Смарт-часы Кнопка Жизни Aimoto Pro,  40мм,  1.44"",  розовый",https://www.citilink.ru/product/smart-chasy-knopka-zhizni-aimoto-pro-40mm-1-44-rozovyi-rozovyi-8100821-1914876/
55990.0,16.0,0.0,2000.0,0.0,0.0,401.30288461538464,25.0,6.5,49.0,32.0,115.08391608391608,832.0,0.0,0.0,0.0,0.0,0.0,45.6,45.6,12.9,1.3,260.0,260.0,"Смарт-часы Garmin Forerunner 255,  33мм,  1.3"",  черный",https://www.citilink.ru/product/smart-chasy-garmin-forerunner-255-33mm-1-3-chernyi-sinii-010-02641-11-1901339/
41990.0,16.0,0.0,2000.0,1.0,0.0,401.30288461538464,288.0,13.0,39.0,32.0,115.08391608391608,832.0,0.0,0.0,0.0,0.0,0.0,41.0,41.0,12.4,1.1,218.0,218.0,"Смарт-часы Garmin Forerunner 255S,  27.5мм,  1.1"",  черный",https://www.citilink.ru/product/smart-chasy-garmin-forerunner-255s-27-5mm-1-1-chernyi-rozovyi-010-0264-1901338/
91990.0,16.0,0.0,2000.0,1.0,0.0,401.30288461538464,90.0,7.0,42.0,32.0,115.08391608391608,832.0,0.0,0.0,0.0,0.0,0.0,42.0,42.0,14.1,1.2,240.0,240.0,"Смарт-часы Garmin Fenix 7S,  1.2"",  серый",https://www.citilink.ru/product/smart-chasy-garmin-fenix-7s-1-2-seryi-chernyi-010-02539-01-1901337/
94990.0,16.0,0.0,2000.0,1.0,0.0,401.30288461538464,90.0,7.0,42.0,32.0,115.08391608391608,832.0,0.0,0.0,0.0,0.0,0.0,42.0,42.0,14.1,1.2,240.0,240.0,"Смарт-часы Garmin Fenix 7S,  1.2"",  серый",https://www.citilink.ru/product/smart-chasy-garmin-fenix-7s-1-2-seryi-belyi-010-02539-03-1901335/
61300.0,32.0,1.0,2000.0,1.0,1.0,401.30288461538464,360.0,8.5,52.0,32.0,115.08391608391608,832.0,0.0,0.0,0.0,0.0,0.0,46.5,46.5,14.4,1.3,260.0,260.0,"Смарт-часы Garmin Forerunner 955,  33мм,  1.3"",  черный",https://www.citilink.ru/product/smart-chasy-garmin-forerunner-955-33mm-1-3-chernyi-belyi-010-02638-31-1901330/
60990.0,16.0,0.0,2000.0,1.0,0.0,401.30288461538464,25.0,6.5,49.0,32.0,115.08391608391608,832.0,0.0,0.0,0.0,0.0,0.0,45.6,45.6,12.9,1.3,260.0,260.0,"Смарт-часы Garmin Forerunner 255,  33мм,  1.3"",  белый",https://www.citilink.ru/product/smart-chasy-garmin-forerunner-255-33mm-1-3-belyi-belyi-010-02641-31-1901329/
15990.0,16.0,1.0,2000.0,0.0,0.0,300.0,384.0,192.0,27.0,32.0,120.0,832.0,0.0,0.0,0.0,0.0,0.0,36.5,42.7,9.9,1.75,390.0,450.0,"Смарт-часы AMAZFIT GTS 4 A2168,  1.75"",  розовый",https://www.citilink.ru/product/smart-chasy-amazfit-gts-4-a2168-1-75-rozovyi-korichnevyi-1746004-1893867/
73990.0,16.0,0.0,2000.0,1.0,0.0,401.30288461538464,90.0,7.0,42.0,32.0,115.08391608391608,832.0,0.0,0.0,0.0,0.0,0.0,42.0,42.0,14.1,1.2,240.0,240.0,"Смарт-часы Garmin Fenix 7S,  1.2"",  бронзовый",https://www.citilink.ru/product/smart-chasy-garmin-fenix-7s-1-2-bronzovyi-seryi-010-02539-29-1893496/
104990.0,32.0,1.0,2000.0,0.0,0.0,401.30288461538464,1368.0,432.0,79.0,32.0,180.0,832.0,0.0,0.0,0.0,0.0,0.0,47.0,47.0,14.5,1.3,260.0,260.0,"Смарт-часы Garmin Fenix 7,  47мм,  1.3"",  серый",https://www.citilink.ru/product/smart-chasy-garmin-fenix-7-47mm-1-3-seryi-chernyi-010-02540-21-1893495/
2140.0,0.032,1.0,2000.0,0.0,0.0,400.0,96.0,48.0,40.0,24.0,120.0,312.0,0.0,0.0,0.0,0.0,0.0,35.0,42.0,13.0,1.2,240.0,240.0,"Смарт-часы Кнопка Жизни Aimoto Kid,  1.2"",  розовый",https://www.citilink.ru/product/smart-chasy-knopka-zhizni-aimoto-kid-1-2-rozovyi-rozovyi-1832004/
4999.0,4.0,1.0,2000.0,0.0,0.0,750.0,96.0,48.0,50.0,512.0,180.0,1300.0,0.0,0.0,0.0,0.0,0.0,41.0,46.0,16.0,1.3,240.0,240.0,"Смарт-часы Кнопка Жизни Aimoto Integra 4G,  1.3"",  розовый",https://www.citilink.ru/product/smart-chasy-knopka-zhizni-aimoto-integra-4g-1-3-rozovyi-rozovyi-960030-1788427/
3999.0,0.128,1.0,2000.0,0.0,0.0,750.0,120.0,72.0,50.0,192.0,180.0,832.0,0.0,0.0,0.0,0.0,0.0,40.0,48.0,16.0,1.4,240.0,240.0,"Смарт-часы Кнопка Жизни Aimoto Pro 4G,  1.4"",  розовый",https://www.citilink.ru/product/smart-chasy-knopka-zhizni-aimoto-pro-4g-1-4-rozovyi-rozovyi-8100804-1788423/
999.0,0.032,1.0,2000.0,0.0,0.0,350.0,96.0,48.0,45.0,24.0,120.0,312.0,0.0,0.0,0.0,0.0,0.0,40.0,45.0,14.0,1.44,128.0,128.0,"Смарт-часы Кнопка Жизни Aimoto Lite,  1.44"",  розовый",https://www.citilink.ru/product/smart-chasy-knopka-zhizni-aimoto-lite-1-44-rozovyi-rozovyi-9101202-1788418/
4310.0,0.03,1.0,2000.0,0.0,0.0,400.0,72.0,24.0,48.0,32.0,180.0,260.0,0.0,0.0,0.0,0.0,0.0,40.0,50.0,15.0,1.44,240.0,240.0,"Смарт-часы Кнопка Жизни Aimoto Disney «Холодное сердце»,  1.44"",  голубой",https://www.citilink.ru/product/smart-chasy-knopka-zhizni-aimoto-disney-holodnoe-serdce-1-44-goluboi-g-1437391/
3060.0,0.03,1.0,2000.0,0.0,0.0,400.0,72.0,24.0,48.0,32.0,180.0,260.0,0.0,0.0,0.0,0.0,0.0,40.0,50.0,15.0,1.44,240.0,240.0,"Смарт-часы Кнопка Жизни Aimoto MARVEL ""Герои"",  1.44"",  черный/синий",https://www.citilink.ru/product/smart-chasy-knopka-zhizni-aimoto-marvel-geroi-1-44-chernyi-sinii-chern-1437389/
